team_id,country_code
ARCMTEAM3---CHN01,CHN
ARCMTEAM3---COL01,COL
ARCMTEAM3---FRA01,FRA
ARCMTEAM3---GBR01,GBR
ARCMTEAM3---IND01,IND
ARCMTEAM3---ITA01,ITA
ARCMTEAM3---JPN01,JPN
ARCMTEAM3---KAZ01,KAZ
ARCMTEAM3---KOR01,KOR
ARCMTEAM3---MEX01,MEX
ARCMTEAM3---TPE01,TPE
ARCMTEAM3---TUR01,TUR
ARCWTEAM3---CHN01,CHN
ARCWTEAM3---FRA01,FRA
ARCWTEAM3---GBR01,GBR
ARCWTEAM3---GER01,GER
ARCWTEAM3---INA01,INA
ARCWTEAM3---IND01,IND
ARCWTEAM3---KOR01,KOR
ARCWTEAM3---MAS01,MAS
ARCWTEAM3---MEX01,MEX
ARCWTEAM3---NED01,NED
ARCWTEAM3---TPE01,TPE
ARCWTEAM3---USA01,USA
ARCXTEAM2---AUS01,AUS
ARCXTEAM2---BRA01,BRA
ARCXTEAM2---CAN01,CAN
ARCXTEAM2---CHN01,CHN
ARCXTEAM2---COL01,COL
ARCXTEAM2---CZE01,CZE
ARCXTEAM2---EGY01,EGY
ARCXTEAM2---ESP01,ESP
ARCXTEAM2---FRA01,FRA
ARCXTEAM2---GBR01,GBR
ARCXTEAM2---GER01,GER
ARCXTEAM2---INA01,INA
ARCXTEAM2---IND01,IND
ARCXTEAM2---ISR01,ISR
ARCXTEAM2---ITA01,ITA
ARCXTEAM2---JPN01,JPN
ARCXTEAM2---KOR01,KOR
ARCXTEAM2---MDA01,MDA
ARCXTEAM2---MEX01,MEX
ARCXTEAM2---NED01,NED
ARCXTEAM2---TPE01,TPE
ARCXTEAM2---TUR01,TUR
ARCXTEAM2---UKR01,UKR
ARCXTEAM2---USA01,USA
ARCXTEAM2---UZB01,UZB
ARCXTEAM2---VIE01,VIE
ATHM4X100M--AUS01,AUS
ATHM4X100M--BRA01,BRA
ATHM4X100M--CAN01,CAN
ATHM4X100M--CHN01,CHN
ATHM4X100M--FRA01,FRA
ATHM4X100M--GBR01,GBR
ATHM4X100M--GER01,GER
ATHM4X100M--GHA01,GHA
ATHM4X100M--ITA01,ITA
ATHM4X100M--JAM01,JAM
ATHM4X100M--JPN01,JPN
ATHM4X100M--LBR01,LBR
ATHM4X100M--NED01,NED
ATHM4X100M--NGR01,NGR
ATHM4X100M--RSA01,RSA
ATHM4X100M--USA01,USA
ATHM4X400M--BEL01,BEL
ATHM4X400M--BOT01,BOT
ATHM4X400M--BRA01,BRA
ATHM4X400M--ESP01,ESP
ATHM4X400M--FRA01,FRA
ATHM4X400M--GBR01,GBR
ATHM4X400M--GER01,GER
ATHM4X400M--IND01,IND
ATHM4X400M--ITA01,ITA
ATHM4X400M--JPN01,JPN
ATHM4X400M--NGR01,NGR
ATHM4X400M--POL01,POL
ATHM4X400M--RSA01,RSA
ATHM4X400M--TTO01,TTO
ATHM4X400M--USA01,USA
ATHM4X400M--ZAM01,ZAM
ATHW4X100M--AUS01,AUS
ATHW4X100M--BEL01,BEL
ATHW4X100M--CAN01,CAN
ATHW4X100M--CIV01,CIV
ATHW4X100M--ESP01,ESP
ATHW4X100M--FRA01,FRA
ATHW4X100M--GBR01,GBR
ATHW4X100M--GER01,GER
ATHW4X100M--ITA01,ITA
ATHW4X100M--JAM01,JAM
ATHW4X100M--NED01,NED
ATHW4X100M--NGR01,NGR
ATHW4X100M--POL01,POL
ATHW4X100M--TTO01,TTO
ATHW4X100M--USA01,USA
ATHW4X400M--BEL01,BEL
ATHW4X400M--CAN01,CAN
ATHW4X400M--CUB01,CUB
ATHW4X400M--ESP01,ESP
ATHW4X400M--FRA01,FRA
ATHW4X400M--GBR01,GBR
ATHW4X400M--GER01,GER
ATHW4X400M--IND01,IND
ATHW4X400M--IRL01,IRL
ATHW4X400M--ITA01,ITA
ATHW4X400M--JAM01,JAM
ATHW4X400M--NED01,NED
ATHW4X400M--NOR01,NOR
ATHW4X400M--POL01,POL
ATHW4X400M--USA01,USA
ATHX42KWALKTAUS01,AUS
ATHX42KWALKTAUS02,AUS
ATHX42KWALKTBRA01,BRA
ATHX42KWALKTCAN01,CAN
ATHX42KWALKTCHN01,CHN
ATHX42KWALKTCHN02,CHN
ATHX42KWALKTCOL01,COL
ATHX42KWALKTCOL02,COL
ATHX42KWALKTCZE01,CZE
ATHX42KWALKTECU01,ECU
ATHX42KWALKTESP01,ESP
ATHX42KWALKTESP02,ESP
ATHX42KWALKTFRA01,FRA
ATHX42KWALKTGER01,GER
ATHX42KWALKTHUN01,HUN
ATHX42KWALKTIND01,IND
ATHX42KWALKTITA01,ITA
ATHX42KWALKTJPN01,JPN
ATHX42KWALKTJPN02,JPN
ATHX42KWALKTMEX01,MEX
ATHX42KWALKTPER01,PER
ATHX42KWALKTPOL01,POL
ATHX42KWALKTSVK01,SVK
ATHX42KWALKTTUR01,TUR
ATHX42KWALKTUKR01,UKR
ATHX4X400M--BAH01,BAH
ATHX4X400M--BEL01,BEL
ATHX4X400M--DOM01,DOM
ATHX4X400M--FRA01,FRA
ATHX4X400M--GBR01,GBR
ATHX4X400M--GER01,GER
ATHX4X400M--IRL01,IRL
ATHX4X400M--ITA01,ITA
ATHX4X400M--JAM01,JAM
ATHX4X400M--KEN01,KEN
ATHX4X400M--NED01,NED
ATHX4X400M--NGR01,NGR
ATHX4X400M--POL01,POL
ATHX4X400M--UKR01,UKR
ATHX4X400M--USA01,USA
BDMMDOUBLES-CAN01,CAN
BDMMDOUBLES-CHN01,CHN
BDMMDOUBLES-CHN02,CHN
BDMMDOUBLES-CZE01,CZE
BDMMDOUBLES-DEN01,DEN
BDMMDOUBLES-FRA01,FRA
BDMMDOUBLES-FRA02,FRA
BDMMDOUBLES-GBR01,GBR
BDMMDOUBLES-GER01,GER
BDMMDOUBLES-INA01,INA
BDMMDOUBLES-IND01,IND
BDMMDOUBLES-JPN01,JPN
BDMMDOUBLES-KOR01,KOR
BDMMDOUBLES-MAS01,MAS
BDMMDOUBLES-THA01,THA
BDMMDOUBLES-TPE01,TPE
BDMMDOUBLES-USA01,USA
BDMWDOUBLES-AUS01,AUS
BDMWDOUBLES-BUL01,BUL
BDMWDOUBLES-CHN01,CHN
BDMWDOUBLES-CHN02,CHN
BDMWDOUBLES-DEN01,DEN
BDMWDOUBLES-FRA01,FRA
BDMWDOUBLES-HKG01,HKG
BDMWDOUBLES-INA01,INA
BDMWDOUBLES-IND01,IND
BDMWDOUBLES-JPN01,JPN
BDMWDOUBLES-JPN02,JPN
BDMWDOUBLES-KOR01,KOR
BDMWDOUBLES-KOR02,KOR
BDMWDOUBLES-MAS01,MAS
BDMWDOUBLES-THA01,THA
BDMWDOUBLES-USA01,USA
BDMXDOUBLES-ALG01,ALG
BDMXDOUBLES-CHN01,CHN
BDMXDOUBLES-CHN02,CHN
BDMXDOUBLES-DEN01,DEN
BDMXDOUBLES-FRA01,FRA
BDMXDOUBLES-HKG01,HKG
BDMXDOUBLES-INA01,INA
BDMXDOUBLES-JPN01,JPN
BDMXDOUBLES-KOR01,KOR
BDMXDOUBLES-KOR02,KOR
BDMXDOUBLES-MAS01,MAS
BDMXDOUBLES-NED01,NED
BDMXDOUBLES-SGP01,SGP
BDMXDOUBLES-THA01,THA
BDMXDOUBLES-TPE01,TPE
BDMXDOUBLES-USA01,USA
BK3MTEAM3---CHN01,CHN
BK3MTEAM3---FRA01,FRA
BK3MTEAM3---LAT01,LAT
BK3MTEAM3---LTU01,LTU
BK3MTEAM3---NED01,NED
BK3MTEAM3---POL01,POL
BK3MTEAM3---SRB01,SRB
BK3MTEAM3---USA01,USA
BK3WTEAM3---AUS01,AUS
BK3WTEAM3---AZE01,AZE
BK3WTEAM3---CAN01,CAN
BK3WTEAM3---CHN01,CHN
BK3WTEAM3---ESP01,ESP
BK3WTEAM3---FRA01,FRA
BK3WTEAM3---GER01,GER
BK3WTEAM3---USA01,USA
BKBMTEAM5---AUS01,AUS
BKBMTEAM5---BRA01,BRA
BKBMTEAM5---CAN01,CAN
BKBMTEAM5---ESP01,ESP
BKBMTEAM5---FRA01,FRA
BKBMTEAM5---GER01,GER
BKBMTEAM5---GRE01,GRE
BKBMTEAM5---JPN01,JPN
BKBMTEAM5---PUR01,PUR
BKBMTEAM5---SRB01,SRB
BKBMTEAM5---SSD01,SSD
BKBMTEAM5---USA01,USA
BKBWTEAM5---AUS01,AUS
BKBWTEAM5---BEL01,BEL
BKBWTEAM5---CAN01,CAN
BKBWTEAM5---CHN01,CHN
BKBWTEAM5---ESP01,ESP
BKBWTEAM5---FRA01,FRA
BKBWTEAM5---GER01,GER
BKBWTEAM5---JPN01,JPN
BKBWTEAM5---NGR01,NGR
BKBWTEAM5---PUR01,PUR
BKBWTEAM5---SRB01,SRB
BKBWTEAM5---USA01,USA
CSPMC2-500M-AIN01,AIN
CSPMC2-500M-ANG01,ANG
CSPMC2-500M-BRA01,BRA
CSPMC2-500M-CHN01,CHN
CSPMC2-500M-CZE01,CZE
CSPMC2-500M-ESP01,ESP
CSPMC2-500M-FRA01,FRA
CSPMC2-500M-GER01,GER
CSPMC2-500M-HUN01,HUN
CSPMC2-500M-ITA01,ITA
CSPMC2-500M-KAZ01,KAZ
CSPMC2-500M-NZL01,NZL
CSPMC2-500M-ROU01,ROU
CSPMK2-500M-AUS01,AUS
CSPMK2-500M-CAN01,CAN
CSPMK2-500M-CHN01,CHN
CSPMK2-500M-CZE01,CZE
CSPMK2-500M-ESP01,ESP
CSPMK2-500M-ESP02,ESP
CSPMK2-500M-GER01,GER
CSPMK2-500M-GER02,GER
CSPMK2-500M-HUN01,HUN
CSPMK2-500M-HUN02,HUN
CSPMK2-500M-KAZ01,KAZ
CSPMK2-500M-LTU01,LTU
CSPMK2-500M-NZL01,NZL
CSPMK2-500M-POL01,POL
CSPMK2-500M-POR01,POR
CSPMK2-500M-RSA01,RSA
CSPMK2-500M-SRB01,SRB
CSPMK2-500M-SRB02,SRB
CSPMK2-500M-UKR01,UKR
CSPMK2-500M-USA01,USA
CSPMK4-500M-AUS01,AUS
CSPMK4-500M-CAN01,CAN
CSPMK4-500M-CHN01,CHN
CSPMK4-500M-DEN01,DEN
CSPMK4-500M-ESP01,ESP
CSPMK4-500M-GER01,GER
CSPMK4-500M-HUN01,HUN
CSPMK4-500M-LTU01,LTU
CSPMK4-500M-NZL01,NZL
CSPMK4-500M-SRB01,SRB
CSPMK4-500M-UKR01,UKR
CSPWC2-500M-CAN01,CAN
CSPWC2-500M-CHI01,CHI
CSPWC2-500M-CHN01,CHN
CSPWC2-500M-CUB01,CUB
CSPWC2-500M-ESP01,ESP
CSPWC2-500M-FRA01,FRA
CSPWC2-500M-GER01,GER
CSPWC2-500M-HUN01,HUN
CSPWC2-500M-KAZ01,KAZ
CSPWC2-500M-MDA01,MDA
CSPWC2-500M-NGR01,NGR
CSPWC2-500M-POL01,POL
CSPWC2-500M-UKR01,UKR
CSPWK2-500M-AUS01,AUS
CSPWK2-500M-BEL01,BEL
CSPWK2-500M-CAN01,CAN
CSPWK2-500M-CHN01,CHN
CSPWK2-500M-DEN01,DEN
CSPWK2-500M-ESP01,ESP
CSPWK2-500M-FRA01,FRA
CSPWK2-500M-GER01,GER
CSPWK2-500M-GER02,GER
CSPWK2-500M-HUN01,HUN
CSPWK2-500M-HUN02,HUN
CSPWK2-500M-MEX01,MEX
CSPWK2-500M-NED01,NED
CSPWK2-500M-NOR01,NOR
CSPWK2-500M-NZL01,NZL
CSPWK2-500M-NZL02,NZL
CSPWK2-500M-POL01,POL
CSPWK2-500M-POL02,POL
CSPWK2-500M-RSA01,RSA
CSPWK2-500M-SWE01,SWE
CSPWK4-500M-AUS01,AUS
CSPWK4-500M-CAN01,CAN
CSPWK4-500M-CHN01,CHN
CSPWK4-500M-ESP01,ESP
CSPWK4-500M-GER01,GER
CSPWK4-500M-HUN01,HUN
CSPWK4-500M-NOR01,NOR
CSPWK4-500M-NZL01,NZL
CSPWK4-500M-POL01,POL
CSPWK4-500M-SRB01,SRB
CTRMMADISON-AUS01,AUS
CTRMMADISON-AUT01,AUT
CTRMMADISON-BEL01,BEL
CTRMMADISON-CAN01,CAN
CTRMMADISON-CZE01,CZE
CTRMMADISON-DEN01,DEN
CTRMMADISON-ESP01,ESP
CTRMMADISON-FRA01,FRA
CTRMMADISON-GBR01,GBR
CTRMMADISON-GER01,GER
CTRMMADISON-ITA01,ITA
CTRMMADISON-JPN01,JPN
CTRMMADISON-NED01,NED
CTRMMADISON-NZL01,NZL
CTRMMADISON-POR01,POR
CTRMPURTEAM4AUS01,AUS
CTRMPURTEAM4BEL01,BEL
CTRMPURTEAM4CAN01,CAN
CTRMPURTEAM4DEN01,DEN
CTRMPURTEAM4FRA01,FRA
CTRMPURTEAM4GBR01,GBR
CTRMPURTEAM4GER01,GER
CTRMPURTEAM4ITA01,ITA
CTRMPURTEAM4JPN01,JPN
CTRMPURTEAM4NZL01,NZL
CTRMSPRTEAM3AUS01,AUS
CTRMSPRTEAM3CAN01,CAN
CTRMSPRTEAM3CHN01,CHN
CTRMSPRTEAM3FRA01,FRA
CTRMSPRTEAM3GBR01,GBR
CTRMSPRTEAM3GER01,GER
CTRMSPRTEAM3JPN01,JPN
CTRMSPRTEAM3NED01,NED
CTRWMADISON-AUS01,AUS
CTRWMADISON-BEL01,BEL
CTRWMADISON-CAN01,CAN
CTRWMADISON-DEN01,DEN
CTRWMADISON-FRA01,FRA
CTRWMADISON-GBR01,GBR
CTRWMADISON-GER01,GER
CTRWMADISON-IRL01,IRL
CTRWMADISON-ITA01,ITA
CTRWMADISON-JPN01,JPN
CTRWMADISON-NED01,NED
CTRWMADISON-NZL01,NZL
CTRWMADISON-POL01,POL
CTRWMADISON-USA01,USA
CTRWPURTEAM4AUS01,AUS
CTRWPURTEAM4CAN01,CAN
CTRWPURTEAM4FRA01,FRA
CTRWPURTEAM4GBR01,GBR
CTRWPURTEAM4GER01,GER
CTRWPURTEAM4IRL01,IRL
CTRWPURTEAM4ITA01,ITA
CTRWPURTEAM4JPN01,JPN
CTRWPURTEAM4NZL01,NZL
CTRWPURTEAM4USA01,USA
CTRWSPRTEAM3CAN01,CAN
CTRWSPRTEAM3CHN01,CHN
CTRWSPRTEAM3GBR01,GBR
CTRWSPRTEAM3GER01,GER
CTRWSPRTEAM3MEX01,MEX
CTRWSPRTEAM3NED01,NED
CTRWSPRTEAM3NZL01,NZL
CTRWSPRTEAM3POL01,POL
DIVM10MTEAM2AUS01,AUS
DIVM10MTEAM2CAN01,CAN
DIVM10MTEAM2CHN01,CHN
DIVM10MTEAM2FRA01,FRA
DIVM10MTEAM2GBR01,GBR
DIVM10MTEAM2GER01,GER
DIVM10MTEAM2MEX01,MEX
DIVM10MTEAM2UKR01,UKR
DIVM3MTEAM2-CHN01,CHN
DIVM3MTEAM2-ESP01,ESP
DIVM3MTEAM2-FRA01,FRA
DIVM3MTEAM2-GBR01,GBR
DIVM3MTEAM2-ITA01,ITA
DIVM3MTEAM2-MEX01,MEX
DIVM3MTEAM2-UKR01,UKR
DIVM3MTEAM2-USA01,USA
DIVW10MTEAM2CAN01,CAN
DIVW10MTEAM2CHN01,CHN
DIVW10MTEAM2FRA01,FRA
DIVW10MTEAM2GBR01,GBR
DIVW10MTEAM2MEX01,MEX
DIVW10MTEAM2UKR01,UKR
DIVW10MTEAM2USA01,USA
DIVW3MTEAM2-AUS01,AUS
DIVW3MTEAM2-CHN01,CHN
DIVW3MTEAM2-FRA01,FRA
DIVW3MTEAM2-GBR01,GBR
DIVW3MTEAM2-GER01,GER
DIVW3MTEAM2-ITA01,ITA
DIVW3MTEAM2-UKR01,UKR
DIVW3MTEAM2-USA01,USA
EQUODRESTEAMAUS01,AUS
EQUODRESTEAMAUT01,AUT
EQUODRESTEAMBEL01,BEL
EQUODRESTEAMCAN01,CAN
EQUODRESTEAMDEN01,DEN
EQUODRESTEAMESP01,ESP
EQUODRESTEAMFIN01,FIN
EQUODRESTEAMFRA01,FRA
EQUODRESTEAMGBR01,GBR
EQUODRESTEAMGER01,GER
EQUODRESTEAMNED01,NED
EQUODRESTEAMPOL01,POL
EQUODRESTEAMPOR01,POR
EQUODRESTEAMSWE01,SWE
EQUODRESTEAMUSA01,USA
EQUOEVENTEAMAUS01,AUS
EQUOEVENTEAMBEL01,BEL
EQUOEVENTEAMBRA01,BRA
EQUOEVENTEAMCAN01,CAN
EQUOEVENTEAMFRA01,FRA
EQUOEVENTEAMGBR01,GBR
EQUOEVENTEAMGER01,GER
EQUOEVENTEAMIRL01,IRL
EQUOEVENTEAMITA01,ITA
EQUOEVENTEAMJPN01,JPN
EQUOEVENTEAMNED01,NED
EQUOEVENTEAMNZL01,NZL
EQUOEVENTEAMPOL01,POL
EQUOEVENTEAMSWE01,SWE
EQUOEVENTEAMUSA01,USA
EQUOJUMPTEAMAUS01,AUS
EQUOJUMPTEAMAUT01,AUT
EQUOJUMPTEAMBEL01,BEL
EQUOJUMPTEAMBRA01,BRA
EQUOJUMPTEAMCAN01,CAN
EQUOJUMPTEAMESP01,ESP
EQUOJUMPTEAMFRA01,FRA
EQUOJUMPTEAMGBR01,GBR
EQUOJUMPTEAMGER01,GER
EQUOJUMPTEAMIRL01,IRL
EQUOJUMPTEAMISR01,ISR
EQUOJUMPTEAMJPN01,JPN
EQUOJUMPTEAMKSA01,KSA
EQUOJUMPTEAMMEX01,MEX
EQUOJUMPTEAMNED01,NED
EQUOJUMPTEAMPOL01,POL
EQUOJUMPTEAMSWE01,SWE
EQUOJUMPTEAMUAE01,UAE
EQUOJUMPTEAMUSA01,USA
FBLMTEAM11--ARG01,ARG
FBLMTEAM11--DOM01,DOM
FBLMTEAM11--EGY01,EGY
FBLMTEAM11--ESP01,ESP
FBLMTEAM11--FRA01,FRA
FBLMTEAM11--GUI01,GUI
FBLMTEAM11--IRQ01,IRQ
FBLMTEAM11--ISR01,ISR
FBLMTEAM11--JPN01,JPN
FBLMTEAM11--MAR01,MAR
FBLMTEAM11--MLI01,MLI
FBLMTEAM11--NZL01,NZL
FBLMTEAM11--PAR01,PAR
FBLMTEAM11--UKR01,UKR
FBLMTEAM11--USA01,USA
FBLMTEAM11--UZB01,UZB
FBLWTEAM11--AUS01,AUS
FBLWTEAM11--BRA01,BRA
FBLWTEAM11--CAN01,CAN
FBLWTEAM11--COL01,COL
FBLWTEAM11--ESP01,ESP
FBLWTEAM11--FRA01,FRA
FBLWTEAM11--GER01,GER
FBLWTEAM11--JPN01,JPN
FBLWTEAM11--NGR01,NGR
FBLWTEAM11--NZL01,NZL
FBLWTEAM11--USA01,USA
FBLWTEAM11--ZAM01,ZAM
FENMTEAMEPEECZE01,CZE
FENMTEAMEPEEEGY01,EGY
FENMTEAMEPEEFRA01,FRA
FENMTEAMEPEEHUN01,HUN
FENMTEAMEPEEITA01,ITA
FENMTEAMEPEEJPN01,JPN
FENMTEAMEPEEKAZ01,KAZ
FENMTEAMEPEEVEN01,VEN
FENMTEAMFOILCAN01,CAN
FENMTEAMFOILCHN01,CHN
FENMTEAMFOILEGY01,EGY
FENMTEAMFOILFRA01,FRA
FENMTEAMFOILITA01,ITA
FENMTEAMFOILJPN01,JPN
FENMTEAMFOILPOL01,POL
FENMTEAMFOILUSA01,USA
FENMTEAMSABRCAN01,CAN
FENMTEAMSABREGY01,EGY
FENMTEAMSABRFRA01,FRA
FENMTEAMSABRHUN01,HUN
FENMTEAMSABRIRI01,IRI
FENMTEAMSABRITA01,ITA
FENMTEAMSABRKOR01,KOR
FENMTEAMSABRUSA01,USA
FENWTEAMFOILCAN01,CAN
FENWTEAMFOILCHN01,CHN
FENWTEAMFOILEGY01,EGY
FENWTEAMFOILFRA01,FRA
FENWTEAMFOILITA01,ITA
FENWTEAMFOILJPN01,JPN
FENWTEAMFOILPOL01,POL
FENWTEAMFOILUSA01,USA
FENWTEAMSABRALG01,ALG
FENWTEAMSABRFRA01,FRA
FENWTEAMSABRHUN01,HUN
FENWTEAMSABRITA01,ITA
FENWTEAMSABRJPN01,JPN
FENWTEAMSABRKOR01,KOR
FENWTEAMSABRUKR01,UKR
FENWTEAMSABRUSA01,USA
GARMTEAM----CAN01,CAN
GARMTEAM----CHN01,CHN
GARMTEAM----ESP01,ESP
GARMTEAM----GBR01,GBR
GARMTEAM----GER01,GER
GARMTEAM----ITA01,ITA
GARMTEAM----JPN01,JPN
GARMTEAM----NED01,NED
GARMTEAM----TUR01,TUR
GARMTEAM----UKR01,UKR
GARMTEAM----USA01,USA
GARWTEAM----AUS01,AUS
GARWTEAM----BRA01,BRA
GARWTEAM----CAN01,CAN
GARWTEAM----CHN01,CHN
GARWTEAM----FRA01,FRA
GARWTEAM----GBR01,GBR
GARWTEAM----ITA01,ITA
GARWTEAM----JPN01,JPN
GARWTEAM----KOR01,KOR
GARWTEAM----NED01,NED
GARWTEAM----ROU01,ROU
GARWTEAM----USA01,USA
GRYW5AA-----AUS01,AUS
GRYW5AA-----AZE01,AZE
GRYW5AA-----BRA01,BRA
GRYW5AA-----BUL01,BUL
GRYW5AA-----CHN01,CHN
GRYW5AA-----EGY01,EGY
GRYW5AA-----ESP01,ESP
GRYW5AA-----FRA01,FRA
GRYW5AA-----GER01,GER
GRYW5AA-----ISR01,ISR
GRYW5AA-----ITA01,ITA
GRYW5AA-----MEX01,MEX
GRYW5AA-----UKR01,UKR
GRYW5AA-----UZB01,UZB
HBLMTEAM7---ARG01,ARG
HBLMTEAM7---CRO01,CRO
HBLMTEAM7---DEN01,DEN
HBLMTEAM7---EGY01,EGY
HBLMTEAM7---ESP01,ESP
HBLMTEAM7---FRA01,FRA
HBLMTEAM7---GER01,GER
HBLMTEAM7---HUN01,HUN
HBLMTEAM7---JPN01,JPN
HBLMTEAM7---NOR01,NOR
HBLMTEAM7---SWE01,SWE
HBLWTEAM7---ANG01,ANG
HBLWTEAM7---BRA01,BRA
HBLWTEAM7---DEN01,DEN
HBLWTEAM7---ESP01,ESP
HBLWTEAM7---FRA01,FRA
HBLWTEAM7---GER01,GER
HBLWTEAM7---HUN01,HUN
HBLWTEAM7---KOR01,KOR
HBLWTEAM7---NED01,NED
HBLWTEAM7---NOR01,NOR
HBLWTEAM7---SWE01,SWE
HOCMTEAM11--ARG01,ARG
HOCMTEAM11--AUS01,AUS
HOCMTEAM11--BEL01,BEL
HOCMTEAM11--ESP01,ESP
HOCMTEAM11--FRA01,FRA
HOCMTEAM11--GBR01,GBR
HOCMTEAM11--GER01,GER
HOCMTEAM11--IND01,IND
HOCMTEAM11--IRL01,IRL
HOCMTEAM11--NED01,NED
HOCMTEAM11--NZL01,NZL
HOCMTEAM11--RSA01,RSA
HOCWTEAM11--ARG01,ARG
HOCWTEAM11--AUS01,AUS
HOCWTEAM11--BEL01,BEL
HOCWTEAM11--CHN01,CHN
HOCWTEAM11--ESP01,ESP
HOCWTEAM11--FRA01,FRA
HOCWTEAM11--GBR01,GBR
HOCWTEAM11--GER01,GER
HOCWTEAM11--JPN01,JPN
HOCWTEAM11--NED01,NED
HOCWTEAM11--RSA01,RSA
HOCWTEAM11--USA01,USA
JUDXTEAM6---AUT01,AUT
JUDXTEAM6---BRA01,BRA
JUDXTEAM6---CAN01,CAN
JUDXTEAM6---EOR01,EOR
JUDXTEAM6---ESP01,ESP
JUDXTEAM6---FRA01,FRA
JUDXTEAM6---GEO01,GEO
JUDXTEAM6---GER01,GER
JUDXTEAM6---HUN01,HUN
JUDXTEAM6---ISR01,ISR
JUDXTEAM6---ITA01,ITA
JUDXTEAM6---JPN01,JPN
JUDXTEAM6---KAZ01,KAZ
JUDXTEAM6---KOR01,KOR
JUDXTEAM6---MGL01,MGL
JUDXTEAM6---NED01,NED
JUDXTEAM6---SRB01,SRB
JUDXTEAM6---TUR01,TUR
JUDXTEAM6---UZB01,UZB
ROWMCOXED8--AUS01,AUS
ROWMCOXED8--GBR01,GBR
ROWMCOXED8--GER01,GER
ROWMCOXED8--ITA01,ITA
ROWMCOXED8--NED01,NED
ROWMCOXED8--ROU01,ROU
ROWMCOXED8--USA01,USA
ROWMNOCOX2--AUS01,AUS
ROWMNOCOX2--CRO01,CRO
ROWMNOCOX2--ESP01,ESP
ROWMNOCOX2--GBR01,GBR
ROWMNOCOX2--GER01,GER
ROWMNOCOX2--IRL01,IRL
ROWMNOCOX2--ITA01,ITA
ROWMNOCOX2--LTU01,LTU
ROWMNOCOX2--NZL01,NZL
ROWMNOCOX2--ROU01,ROU
ROWMNOCOX2--RSA01,RSA
ROWMNOCOX2--USA01,USA
ROWMNOCOX4--AUS01,AUS
ROWMNOCOX4--FRA01,FRA
ROWMNOCOX4--GBR01,GBR
ROWMNOCOX4--ITA01,ITA
ROWMNOCOX4--NED01,NED
ROWMNOCOX4--NZL01,NZL
ROWMNOCOX4--ROU01,ROU
ROWMNOCOX4--USA01,USA
ROWMSCULL2--CHN01,CHN
ROWMSCULL2--CRO01,CRO
ROWMSCULL2--ESP01,ESP
ROWMSCULL2--FRA01,FRA
ROWMSCULL2--GER01,GER
ROWMSCULL2--IRL01,IRL
ROWMSCULL2--ITA01,ITA
ROWMSCULL2-LARG01,ARG
ROWMSCULL2-LBEL01,BEL
ROWMSCULL2-LCHI01,CHI
ROWMSCULL2-LCZE01,CZE
ROWMSCULL2-LEGY01,EGY
ROWMSCULL2-LESP01,ESP
ROWMSCULL2-LFRA01,FRA
ROWMSCULL2-LGRE01,GRE
ROWMSCULL2-LIRL01,IRL
ROWMSCULL2-LITA01,ITA
ROWMSCULL2-LJPN01,JPN
ROWMSCULL2-LMEX01,MEX
ROWMSCULL2-LNOR01,NOR
ROWMSCULL2-LUKR01,UKR
ROWMSCULL2-LUZB01,UZB
ROWMSCULL2--NED01,NED
ROWMSCULL2--NOR01,NOR
ROWMSCULL2--NZL01,NZL
ROWMSCULL2--ROU01,ROU
ROWMSCULL2--SRB01,SRB
ROWMSCULL2--USA01,USA
ROWMSCULL4--EST01,EST
ROWMSCULL4--GBR01,GBR
ROWMSCULL4--GER01,GER
ROWMSCULL4--ITA01,ITA
ROWMSCULL4--NED01,NED
ROWMSCULL4--NOR01,NOR
ROWMSCULL4--POL01,POL
ROWMSCULL4--ROU01,ROU
ROWWCOXED8--AUS01,AUS
ROWWCOXED8--CAN01,CAN
ROWWCOXED8--DEN01,DEN
ROWWCOXED8--GBR01,GBR
ROWWCOXED8--ITA01,ITA
ROWWCOXED8--ROU01,ROU
ROWWCOXED8--USA01,USA
ROWWNOCOX2--AUS01,AUS
ROWWNOCOX2--CHI01,CHI
ROWWNOCOX2--CZE01,CZE
ROWWNOCOX2--DEN01,DEN
ROWWNOCOX2--ESP01,ESP
ROWWNOCOX2--GBR01,GBR
ROWWNOCOX2--GRE01,GRE
ROWWNOCOX2--IRL01,IRL
ROWWNOCOX2--LTU01,LTU
ROWWNOCOX2--NED01,NED
ROWWNOCOX2--NZL01,NZL
ROWWNOCOX2--ROU01,ROU
ROWWNOCOX2--USA01,USA
ROWWNOCOX4--AUS01,AUS
ROWWNOCOX4--CHN01,CHN
ROWWNOCOX4--DEN01,DEN
ROWWNOCOX4--GBR01,GBR
ROWWNOCOX4--IRL01,IRL
ROWWNOCOX4--NED01,NED
ROWWNOCOX4--NZL01,NZL
ROWWNOCOX4--ROU01,ROU
ROWWNOCOX4--USA01,USA
ROWWSCULL2--AUS01,AUS
ROWWSCULL2--CHN01,CHN
ROWWSCULL2--CZE01,CZE
ROWWSCULL2--FRA01,FRA
ROWWSCULL2--GBR01,GBR
ROWWSCULL2--IRL01,IRL
ROWWSCULL2--ITA01,ITA
ROWWSCULL2-LARG01,ARG
ROWWSCULL2-LAUT01,AUT
ROWWSCULL2-LCAN01,CAN
ROWWSCULL2-LCHN01,CHN
ROWWSCULL2-LFRA01,FRA
ROWWSCULL2-LGBR01,GBR
ROWWSCULL2-LGRE01,GRE
ROWWSCULL2-LIRI01,IRI
ROWWSCULL2-LIRL01,IRL
ROWWSCULL2-LJPN01,JPN
ROWWSCULL2-LNZL01,NZL
ROWWSCULL2-LPER01,PER
ROWWSCULL2-LPOL01,POL
ROWWSCULL2-LROU01,ROU
ROWWSCULL2--LTU01,LTU
ROWWSCULL2-LTUN01,TUN
ROWWSCULL2-LUSA01,USA
ROWWSCULL2--NED01,NED
ROWWSCULL2--NOR01,NOR
ROWWSCULL2--NZL01,NZL
ROWWSCULL2--ROU01,ROU
ROWWSCULL2--USA01,USA
ROWWSCULL4--AUS01,AUS
ROWWSCULL4--CHN01,CHN
ROWWSCULL4--GBR01,GBR
ROWWSCULL4--GER01,GER
ROWWSCULL4--NED01,NED
ROWWSCULL4--ROU01,ROU
ROWWSCULL4--UKR01,UKR
ROWWSCULL4--USA01,USA
RU7MTEAM7---ARG01,ARG
RU7MTEAM7---AUS01,AUS
RU7MTEAM7---FIJ01,FIJ
RU7MTEAM7---FRA01,FRA
RU7MTEAM7---IRL01,IRL
RU7MTEAM7---JPN01,JPN
RU7MTEAM7---KEN01,KEN
RU7MTEAM7---NZL01,NZL
RU7MTEAM7---RSA01,RSA
RU7MTEAM7---SAM01,SAM
RU7MTEAM7---URU01,URU
RU7MTEAM7---USA01,USA
RU7WTEAM7---AUS01,AUS
RU7WTEAM7---BRA01,BRA
RU7WTEAM7---CAN01,CAN
RU7WTEAM7---CHN01,CHN
RU7WTEAM7---FIJ01,FIJ
RU7WTEAM7---FRA01,FRA
RU7WTEAM7---GBR01,GBR
RU7WTEAM7---IRL01,IRL
RU7WTEAM7---JPN01,JPN
RU7WTEAM7---NZL01,NZL
RU7WTEAM7---RSA01,RSA
RU7WTEAM7---USA01,USA
SALM49ER----AUS01,AUS
SALM49ER----AUT01,AUT
SALM49ER----BEL01,BEL
SALM49ER----BRA01,BRA
SALM49ER----CAN01,CAN
SALM49ER----CHN01,CHN
SALM49ER----CRO01,CRO
SALM49ER----DEN01,DEN
SALM49ER----ESP01,ESP
SALM49ER----FRA01,FRA
SALM49ER----GBR01,GBR
SALM49ER----GER01,GER
SALM49ER----HKG01,HKG
SALM49ER----IRL01,IRL
SALM49ER----NED01,NED
SALM49ER----NZL01,NZL
SALM49ER----POL01,POL
SALM49ER----URU01,URU
SALM49ER----USA01,USA
SALW49ERFX--AUS01,AUS
SALW49ERFX--BEL01,BEL
SALW49ERFX--BRA01,BRA
SALW49ERFX--CAN01,CAN
SALW49ERFX--CHN01,CHN
SALW49ERFX--CZE01,CZE
SALW49ERFX--DEN01,DEN
SALW49ERFX--ESP01,ESP
SALW49ERFX--FIN01,FIN
SALW49ERFX--FRA01,FRA
SALW49ERFX--GBR01,GBR
SALW49ERFX--GER01,GER
SALW49ERFX--ITA01,ITA
SALW49ERFX--JPN01,JPN
SALW49ERFX--NED01,NED
SALW49ERFX--NOR01,NOR
SALW49ERFX--NZL01,NZL
SALW49ERFX--POL01,POL
SALW49ERFX--SWE01,SWE
SALW49ERFX--USA01,USA
SALX470-----ANG01,ANG
SALX470-----AUS01,AUS
SALX470-----AUT01,AUT
SALX470-----BRA01,BRA
SALX470-----CHN01,CHN
SALX470-----ESP01,ESP
SALX470-----FRA01,FRA
SALX470-----GBR01,GBR
SALX470-----GER01,GER
SALX470-----GRE01,GRE
SALX470-----ISR01,ISR
SALX470-----ITA01,ITA
SALX470-----JPN01,JPN
SALX470-----POR01,POR
SALX470-----SWE01,SWE
SALX470-----TUR01,TUR
SALX470-----USA01,USA
SALXNACRA17-ARG01,ARG
SALXNACRA17-AUS01,AUS
SALXNACRA17-AUT01,AUT
SALXNACRA17-BEL01,BEL
SALXNACRA17-BRA01,BRA
SALXNACRA17-CHN01,CHN
SALXNACRA17-DEN01,DEN
SALXNACRA17-ESP01,ESP
SALXNACRA17-FIN01,FIN
SALXNACRA17-FRA01,FRA
SALXNACRA17-GBR01,GBR
SALXNACRA17-GER01,GER
SALXNACRA17-ITA01,ITA
SALXNACRA17-JPN01,JPN
SALXNACRA17-NED01,NED
SALXNACRA17-NZL01,NZL
SALXNACRA17-SWE01,SWE
SALXNACRA17-TUR01,TUR
SALXNACRA17-USA01,USA
SHOXAPMT----BUL01,BUL
SHOXAPMT----CHN01,CHN
SHOXAPMT----CHN02,CHN
SHOXAPMT----FRA01,FRA
SHOXAPMT----GER01,GER
SHOXAPMT----GER02,GER
SHOXAPMT----IND01,IND
SHOXAPMT----IND02,IND
SHOXAPMT----KAZ01,KAZ
SHOXAPMT----KOR01,KOR
SHOXAPMT----KOR02,KOR
SHOXAPMT----LAT01,LAT
SHOXAPMT----PAK01,PAK
SHOXAPMT----SRB01,SRB
SHOXAPMT----TUR01,TUR
SHOXAPMT----TUR02,TUR
SHOXAPMT----UKR01,UKR
SHOXARMT----ARG01,ARG
SHOXARMT----AUT01,AUT
SHOXARMT----CHN01,CHN
SHOXARMT----CHN02,CHN
SHOXARMT----CZE01,CZE
SHOXARMT----EGY01,EGY
SHOXARMT----EGY02,EGY
SHOXARMT----FRA01,FRA
SHOXARMT----FRA02,FRA
SHOXARMT----GBR01,GBR
SHOXARMT----GER01,GER
SHOXARMT----HUN01,HUN
SHOXARMT----IND01,IND
SHOXARMT----IND02,IND
SHOXARMT----ITA01,ITA
SHOXARMT----JPN01,JPN
SHOXARMT----KAZ01,KAZ
SHOXARMT----KAZ02,KAZ
SHOXARMT----KOR01,KOR
SHOXARMT----KOR02,KOR
SHOXARMT----MEX01,MEX
SHOXARMT----MGL01,MGL
SHOXARMT----NOR01,NOR
SHOXARMT----NOR02,NOR
SHOXARMT----POL01,POL
SHOXARMT----POL02,POL
SHOXARMT----USA01,USA
SHOXARMT----USA02,USA
SHOXSKMT----AUS01,AUS
SHOXSKMT----CHN01,CHN
SHOXSKMT----CZE01,CZE
SHOXSKMT----EGY01,EGY
SHOXSKMT----FRA01,FRA
SHOXSKMT----GER01,GER
SHOXSKMT----GRE01,GRE
SHOXSKMT----IND01,IND
SHOXSKMT----ITA01,ITA
SHOXSKMT----ITA02,ITA
SHOXSKMT----KAZ01,KAZ
SHOXSKMT----KOR01,KOR
SHOXSKMT----PER01,PER
SHOXSKMT----SWE01,SWE
SHOXSKMT----USA01,USA
SHOXSKMT----USA02,USA
SWAWTEAM2---AUS01,AUS
SWAWTEAM2---AUT01,AUT
SWAWTEAM2---CAN01,CAN
SWAWTEAM2---CHN01,CHN
SWAWTEAM2---EGY01,EGY
SWAWTEAM2---ESP01,ESP
SWAWTEAM2---FRA01,FRA
SWAWTEAM2---GBR01,GBR
SWAWTEAM2---GRE01,GRE
SWAWTEAM2---ISR01,ISR
SWAWTEAM2---ITA01,ITA
SWAWTEAM2---JPN01,JPN
SWAWTEAM2---KOR01,KOR
SWAWTEAM2---MEX01,MEX
SWAWTEAM2---NED01,NED
SWAWTEAM2---NZL01,NZL
SWAWTEAM2---UKR01,UKR
SWAWTEAM2---USA01,USA
SWAWTEAM8---AUS01,AUS
SWAWTEAM8---CAN01,CAN
SWAWTEAM8---CHN01,CHN
SWAWTEAM8---EGY01,EGY
SWAWTEAM8---ESP01,ESP
SWAWTEAM8---FRA01,FRA
SWAWTEAM8---ITA01,ITA
SWAWTEAM8---JPN01,JPN
SWAWTEAM8---MEX01,MEX
SWAWTEAM8---USA01,USA
SWMM4X100MFRAUS01,AUS
SWMM4X100MFRBRA01,BRA
SWMM4X100MFRCAN01,CAN
SWMM4X100MFRCHN01,CHN
SWMM4X100MFRESP01,ESP
SWMM4X100MFRFRA01,FRA
SWMM4X100MFRGBR01,GBR
SWMM4X100MFRGER01,GER
SWMM4X100MFRGRE01,GRE
SWMM4X100MFRHUN01,HUN
SWMM4X100MFRISR01,ISR
SWMM4X100MFRITA01,ITA
SWMM4X100MFRPOL01,POL
SWMM4X100MFRSRB01,SRB
SWMM4X100MFRSWE01,SWE
SWMM4X100MFRUSA01,USA
SWMM4X100MMDAUS01,AUS
SWMM4X100MMDAUT01,AUT
SWMM4X100MMDCAN01,CAN
SWMM4X100MMDCHN01,CHN
SWMM4X100MMDESP01,ESP
SWMM4X100MMDFRA01,FRA
SWMM4X100MMDGBR01,GBR
SWMM4X100MMDGER01,GER
SWMM4X100MMDIRL01,IRL
SWMM4X100MMDITA01,ITA
SWMM4X100MMDJPN01,JPN
SWMM4X100MMDKOR01,KOR
SWMM4X100MMDNED01,NED
SWMM4X100MMDPOL01,POL
SWMM4X100MMDUSA01,USA
SWMM4X200MFRAUS01,AUS
SWMM4X200MFRBRA01,BRA
SWMM4X200MFRCAN01,CAN
SWMM4X200MFRCHN01,CHN
SWMM4X200MFRESP01,ESP
SWMM4X200MFRFRA01,FRA
SWMM4X200MFRGBR01,GBR
SWMM4X200MFRGER01,GER
SWMM4X200MFRGRE01,GRE
SWMM4X200MFRISR01,ISR
SWMM4X200MFRITA01,ITA
SWMM4X200MFRJPN01,JPN
SWMM4X200MFRKOR01,KOR
SWMM4X200MFRLTU01,LTU
SWMM4X200MFRUSA01,USA
SWMW4X100MFRAUS01,AUS
SWMW4X100MFRBRA01,BRA
SWMW4X100MFRCAN01,CAN
SWMW4X100MFRCHN01,CHN
SWMW4X100MFRDEN01,DEN
SWMW4X100MFRFRA01,FRA
SWMW4X100MFRGBR01,GBR
SWMW4X100MFRHKG01,HKG
SWMW4X100MFRHUN01,HUN
SWMW4X100MFRIRL01,IRL
SWMW4X100MFRITA01,ITA
SWMW4X100MFRNED01,NED
SWMW4X100MFRPOL01,POL
SWMW4X100MFRSWE01,SWE
SWMW4X100MFRUSA01,USA
SWMW4X100MMDAUS01,AUS
SWMW4X100MMDCAN01,CAN
SWMW4X100MMDCHN01,CHN
SWMW4X100MMDDEN01,DEN
SWMW4X100MMDFRA01,FRA
SWMW4X100MMDGBR01,GBR
SWMW4X100MMDGER01,GER
SWMW4X100MMDHKG01,HKG
SWMW4X100MMDIRL01,IRL
SWMW4X100MMDITA01,ITA
SWMW4X100MMDJPN01,JPN
SWMW4X100MMDNED01,NED
SWMW4X100MMDPOL01,POL
SWMW4X100MMDSGP01,SGP
SWMW4X100MMDSWE01,SWE
SWMW4X100MMDUSA01,USA
SWMW4X200MFRAUS01,AUS
SWMW4X200MFRBRA01,BRA
SWMW4X200MFRCAN01,CAN
SWMW4X200MFRCHN01,CHN
SWMW4X200MFRESP01,ESP
SWMW4X200MFRFRA01,FRA
SWMW4X200MFRGBR01,GBR
SWMW4X200MFRGER01,GER
SWMW4X200MFRHUN01,HUN
SWMW4X200MFRISR01,ISR
SWMW4X200MFRITA01,ITA
SWMW4X200MFRJPN01,JPN
SWMW4X200MFRNED01,NED
SWMW4X200MFRNZL01,NZL
SWMW4X200MFRTUR01,TUR
SWMW4X200MFRUSA01,USA
SWMX4X100MMDAUS01,AUS
SWMX4X100MMDBRA01,BRA
SWMX4X100MMDCAN01,CAN
SWMX4X100MMDCHN01,CHN
SWMX4X100MMDFRA01,FRA
SWMX4X100MMDGBR01,GBR
SWMX4X100MMDGER01,GER
SWMX4X100MMDGRE01,GRE
SWMX4X100MMDISR01,ISR
SWMX4X100MMDITA01,ITA
SWMX4X100MMDJPN01,JPN
SWMX4X100MMDKOR01,KOR
SWMX4X100MMDNED01,NED
SWMX4X100MMDPOL01,POL
SWMX4X100MMDSWE01,SWE
SWMX4X100MMDUSA01,USA
T002027129113,FRA
T005088118027,CHN
T021189149154,HUN
T029092105234,NZL
T031187113126,GBR
T040141230067,IRL
T049177232236,NZL
T051068010116,NZL
T052132148157,ROU
T063034253052,ROU
T086254156090,ESP
T091147023065,NED
T101139061230,GER
T103220134006,HUN
T105004201136,GER
T135067238066,CHN
T136207100235,GER
T159071241179,NZL
T160155181193,ITA
T162219254220,AUS
T164131189204,CHN
T170120112068,AUS
T170150126026,IRL
T175179048136,USA
T176093139168,AUS
T177095146045,NZL
T179170112181,NZL
T181050155106,CHN
T182159012196,ROU
T191201107174,GBR
T215142183070,RUS
T217136143024,NED
T218141014095,CAN
T235250241164,CRO
T239136002118,POL
T246191162159,NZL
TENMDOUBLES-AIN01,AIN
TENMDOUBLES-ARG01,ARG
TENMDOUBLES-ARG02,ARG
TENMDOUBLES-AUS01,AUS
TENMDOUBLES-AUS02,AUS
TENMDOUBLES-BEL01,BEL
TENMDOUBLES-BRA01,BRA
TENMDOUBLES-CAN01,CAN
TENMDOUBLES-CHI01,CHI
TENMDOUBLES-CRO01,CRO
TENMDOUBLES-CZE01,CZE
TENMDOUBLES-ESP01,ESP
TENMDOUBLES-ESP02,ESP
TENMDOUBLES-FRA01,FRA
TENMDOUBLES-FRA02,FRA
TENMDOUBLES-GBR01,GBR
TENMDOUBLES-GBR02,GBR
TENMDOUBLES-GER01,GER
TENMDOUBLES-GER02,GER
TENMDOUBLES-GRE01,GRE
TENMDOUBLES-HUN01,HUN
TENMDOUBLES-IND01,IND
TENMDOUBLES-ITA01,ITA
TENMDOUBLES-ITA02,ITA
TENMDOUBLES-JPN01,JPN
TENMDOUBLES-KAZ01,KAZ
TENMDOUBLES-LBN01,LBN
TENMDOUBLES-NED01,NED
TENMDOUBLES-NED02,NED
TENMDOUBLES-POL01,POL
TENMDOUBLES-POR01,POR
TENMDOUBLES-USA01,USA
TENMDOUBLES-USA02,USA
TENWDOUBLES-AIN01,AIN
TENWDOUBLES-AIN02,AIN
TENWDOUBLES-ARG01,ARG
TENWDOUBLES-AUS01,AUS
TENWDOUBLES-AUS02,AUS
TENWDOUBLES-BRA01,BRA
TENWDOUBLES-CAN01,CAN
TENWDOUBLES-CHN01,CHN
TENWDOUBLES-CHN02,CHN
TENWDOUBLES-CZE01,CZE
TENWDOUBLES-CZE02,CZE
TENWDOUBLES-ESP01,ESP
TENWDOUBLES-FRA01,FRA
TENWDOUBLES-FRA02,FRA
TENWDOUBLES-GBR01,GBR
TENWDOUBLES-GER01,GER
TENWDOUBLES-GER02,GER
TENWDOUBLES-GRE01,GRE
TENWDOUBLES-ITA01,ITA
TENWDOUBLES-ITA02,ITA
TENWDOUBLES-JPN01,JPN
TENWDOUBLES-NED01,NED
TENWDOUBLES-NZL01,NZL
TENWDOUBLES-POL01,POL
TENWDOUBLES-ROU01,ROU
TENWDOUBLES-ROU02,ROU
TENWDOUBLES-TPE01,TPE
TENWDOUBLES-TPE02,TPE
TENWDOUBLES-UKR01,UKR
TENWDOUBLES-UKR02,UKR
TENWDOUBLES-USA01,USA
TENWDOUBLES-USA02,USA
TENXDOUBLES-AIN01,AIN
TENXDOUBLES-ARG01,ARG
TENXDOUBLES-AUS01,AUS
TENXDOUBLES-BRA01,BRA
TENXDOUBLES-CAN01,CAN
TENXDOUBLES-CHN01,CHN
TENXDOUBLES-CRO01,CRO
TENXDOUBLES-CZE01,CZE
TENXDOUBLES-DEN01,DEN
TENXDOUBLES-ESP01,ESP
TENXDOUBLES-FRA01,FRA
TENXDOUBLES-GBR01,GBR
TENXDOUBLES-GER01,GER
TENXDOUBLES-GRE01,GRE
TENXDOUBLES-ITA01,ITA
TENXDOUBLES-JPN01,JPN
TENXDOUBLES-NED01,NED
TENXDOUBLES-USA01,USA
TRIXTEAM4---AUS01,AUS
TRIXTEAM4---AUT01,AUT
TRIXTEAM4---BEL01,BEL
TRIXTEAM4---BRA01,BRA
TRIXTEAM4---ESP01,ESP
TRIXTEAM4---FRA01,FRA
TRIXTEAM4---GBR01,GBR
TRIXTEAM4---GER01,GER
TRIXTEAM4---ITA01,ITA
TRIXTEAM4---MEX01,MEX
TRIXTEAM4---NED01,NED
TRIXTEAM4---NOR01,NOR
TRIXTEAM4---NZL01,NZL
TRIXTEAM4---POR01,POR
TRIXTEAM4---USA01,USA
TTEMTEAM----AUS01,AUS
TTEMTEAM----BRA01,BRA
TTEMTEAM----CAN01,CAN
TTEMTEAM----CHN01,CHN
TTEMTEAM----CRO01,CRO
TTEMTEAM----DEN01,DEN
TTEMTEAM----EGY01,EGY
TTEMTEAM----FRA01,FRA
TTEMTEAM----GER01,GER
TTEMTEAM----IND01,IND
TTEMTEAM----JPN01,JPN
TTEMTEAM----KOR01,KOR
TTEMTEAM----POR01,POR
TTEMTEAM----SWE01,SWE
TTEMTEAM----TPE01,TPE
TTEWTEAM----AUS01,AUS
TTEWTEAM----BRA01,BRA
TTEWTEAM----CHN01,CHN
TTEWTEAM----EGY01,EGY
TTEWTEAM----FRA01,FRA
TTEWTEAM----GER01,GER
TTEWTEAM----HKG01,HKG
TTEWTEAM----IND01,IND
TTEWTEAM----JPN01,JPN
TTEWTEAM----KOR01,KOR
TTEWTEAM----POL01,POL
TTEWTEAM----ROU01,ROU
TTEWTEAM----SWE01,SWE
TTEWTEAM----THA01,THA
TTEWTEAM----TPE01,TPE
TTEWTEAM----USA01,USA
TTEXDOUBLES-AUS01,AUS
TTEXDOUBLES-BRA01,BRA
TTEXDOUBLES-CHN01,CHN
TTEXDOUBLES-CUB01,CUB
TTEXDOUBLES-EGY01,EGY
TTEXDOUBLES-ESP01,ESP
TTEXDOUBLES-FRA01,FRA
TTEXDOUBLES-GER01,GER
TTEXDOUBLES-HKG01,HKG
TTEXDOUBLES-HUN01,HUN
TTEXDOUBLES-JPN01,JPN
TTEXDOUBLES-KOR01,KOR
TTEXDOUBLES-ROU01,ROU
TTEXDOUBLES-SWE01,SWE
TTEXDOUBLES-TPE01,TPE
VBVMTEAM2---AUS01,AUS
VBVMTEAM2---AUS02,AUS
VBVMTEAM2---AUT01,AUT
VBVMTEAM2---BRA01,BRA
VBVMTEAM2---BRA02,BRA
VBVMTEAM2---CAN01,CAN
VBVMTEAM2---CHI01,CHI
VBVMTEAM2---CUB01,CUB
VBVMTEAM2---CZE01,CZE
VBVMTEAM2---ESP01,ESP
VBVMTEAM2---FRA01,FRA
VBVMTEAM2---FRA02,FRA
VBVMTEAM2---GER01,GER
VBVMTEAM2---ITA01,ITA
VBVMTEAM2---ITA02,ITA
VBVMTEAM2---MAR01,MAR
VBVMTEAM2---NED01,NED
VBVMTEAM2---NED02,NED
VBVMTEAM2---NOR01,NOR
VBVMTEAM2---POL01,POL
VBVMTEAM2---QAT01,QAT
VBVMTEAM2---SWE01,SWE
VBVMTEAM2---USA01,USA
VBVMTEAM2---USA02,USA
VBVWTEAM2---AUS01,AUS
VBVWTEAM2---BRA01,BRA
VBVWTEAM2---BRA02,BRA
VBVWTEAM2---CAN01,CAN
VBVWTEAM2---CAN02,CAN
VBVWTEAM2---CHN01,CHN
VBVWTEAM2---CZE01,CZE
VBVWTEAM2---EGY01,EGY
VBVWTEAM2---ESP01,ESP
VBVWTEAM2---ESP02,ESP
VBVWTEAM2---FRA01,FRA
VBVWTEAM2---FRA02,FRA
VBVWTEAM2---GER01,GER
VBVWTEAM2---GER02,GER
VBVWTEAM2---ITA01,ITA
VBVWTEAM2---JPN01,JPN
VBVWTEAM2---LAT01,LAT
VBVWTEAM2---LTU01,LTU
VBVWTEAM2---NED01,NED
VBVWTEAM2---PAR01,PAR
VBVWTEAM2---USA01,USA
VBVWTEAM2---USA02,USA
VVOMTEAM6---ARG01,ARG
VVOMTEAM6---BRA01,BRA
VVOMTEAM6---CAN01,CAN
VVOMTEAM6---EGY01,EGY
VVOMTEAM6---FRA01,FRA
VVOMTEAM6---GER01,GER
VVOMTEAM6---ITA01,ITA
VVOMTEAM6---JPN01,JPN
VVOMTEAM6---POL01,POL
VVOMTEAM6---SRB01,SRB
VVOMTEAM6---USA01,USA
VVOWTEAM6---BRA01,BRA
VVOWTEAM6---CHN01,CHN
VVOWTEAM6---DOM01,DOM
VVOWTEAM6---FRA01,FRA
VVOWTEAM6---ITA01,ITA
VVOWTEAM6---JPN01,JPN
VVOWTEAM6---KEN01,KEN
VVOWTEAM6---NED01,NED
VVOWTEAM6---POL01,POL
VVOWTEAM6---SRB01,SRB
VVOWTEAM6---TUR01,TUR
VVOWTEAM6---USA01,USA
WPOMTEAM7---AUS01,AUS
WPOMTEAM7---CRO01,CRO
WPOMTEAM7---ESP01,ESP
WPOMTEAM7---FRA01,FRA
WPOMTEAM7---GRE01,GRE
WPOMTEAM7---HUN01,HUN
WPOMTEAM7---ITA01,ITA
WPOMTEAM7---JPN01,JPN
WPOMTEAM7---MNE01,MNE
WPOMTEAM7---ROU01,ROU
WPOMTEAM7---SRB01,SRB
WPOMTEAM7---USA01,USA
WPOWTEAM7---AUS01,AUS
WPOWTEAM7---CAN01,CAN
WPOWTEAM7---CHN01,CHN
WPOWTEAM7---ESP01,ESP
WPOWTEAM7---FRA01,FRA
WPOWTEAM7---GRE01,GRE
WPOWTEAM7---HUN01,HUN
WPOWTEAM7---ITA01,ITA
WPOWTEAM7---NED01,NED
WPOWTEAM7---USA01,USA
