team_id,event_id
ARCMTEAM3---CHN01,ARCMT001
ARCMTEAM3---COL01,ARCMT001
ARCMTEAM3---FRA01,ARCMT001
ARCMTEAM3---GBR01,ARCMT001
ARCMTEAM3---IND01,ARCMT001
ARCMTEAM3---ITA01,ARCMT001
ARCMTEAM3---JPN01,ARCMT001
ARCMTEAM3---KAZ01,ARCMT001
ARCMTEAM3---KOR01,ARCMT001
ARCMTEAM3---MEX01,ARCMT001
ARCMTEAM3---TPE01,ARCMT001
ARCMTEAM3---TUR01,ARCMT001
ARCWTEAM3---CHN01,ARCWT001
ARCWTEAM3---FRA01,ARCWT001
ARCWTEAM3---GBR01,ARCWT001
ARCWTEAM3---GER01,ARCWT001
ARCWTEAM3---INA01,ARCWT001
ARCWTEAM3---IND01,ARCWT001
ARCWTEAM3---KOR01,ARCWT001
ARCWTEAM3---MAS01,ARCWT001
ARCWTEAM3---MEX01,ARCWT001
ARCWTEAM3---NED01,ARCWT001
ARCWTEAM3---TPE01,ARCWT001
ARCWTEAM3---USA01,ARCWT001
ARCXTEAM2---AUS01,ARCMT004
ARCXTEAM2---BRA01,ARCMT004
ARCXTEAM2---CAN01,ARCMT004
ARCXTEAM2---CHN01,ARCMT004
ARCXTEAM2---COL01,ARCMT004
ARCXTEAM2---CZE01,ARCMT004
ARCXTEAM2---EGY01,ARCMT004
ARCXTEAM2---ESP01,ARCMT004
ARCXTEAM2---FRA01,ARCMT004
ARCXTEAM2---GBR01,ARCMT004
ARCXTEAM2---GER01,ARCMT004
ARCXTEAM2---INA01,ARCMT004
ARCXTEAM2---IND01,ARCMT004
ARCXTEAM2---ISR01,ARCMT004
ARCXTEAM2---ITA01,ARCMT004
ARCXTEAM2---JPN01,ARCMT004
ARCXTEAM2---KOR01,ARCMT004
ARCXTEAM2---MDA01,ARCMT004
ARCXTEAM2---MEX01,ARCMT004
ARCXTEAM2---NED01,ARCMT004
ARCXTEAM2---TPE01,ARCMT004
ARCXTEAM2---TUR01,ARCMT004
ARCXTEAM2---UKR01,ARCMT004
ARCXTEAM2---USA01,ARCMT004
ARCXTEAM2---UZB01,ARCMT004
ARCXTEAM2---VIE01,ARCMT004
ATHM4X100M--AUS01,ATHM4X001
ATHM4X100M--BRA01,ATHM4X001
ATHM4X100M--CAN01,ATHM4X001
ATHM4X100M--CHN01,ATHM4X001
ATHM4X100M--FRA01,ATHM4X001
ATHM4X100M--GBR01,ATHM4X001
ATHM4X100M--GER01,ATHM4X001
ATHM4X100M--GHA01,ATHM4X001
ATHM4X100M--ITA01,ATHM4X001
ATHM4X100M--JAM01,ATHM4X001
ATHM4X100M--JPN01,ATHM4X001
ATHM4X100M--LBR01,ATHM4X001
ATHM4X100M--NED01,ATHM4X001
ATHM4X100M--NGR01,ATHM4X001
ATHM4X100M--RSA01,ATHM4X001
ATHM4X100M--USA01,ATHM4X001
ATHM4X400M--BEL01,ATHM4X004
ATHM4X400M--BOT01,ATHM4X004
ATHM4X400M--BRA01,ATHM4X004
ATHM4X400M--ESP01,ATHM4X004
ATHM4X400M--FRA01,ATHM4X004
ATHM4X400M--GBR01,ATHM4X004
ATHM4X400M--GER01,ATHM4X004
ATHM4X400M--IND01,ATHM4X004
ATHM4X400M--ITA01,ATHM4X004
ATHM4X400M--JPN01,ATHM4X004
ATHM4X400M--NGR01,ATHM4X004
ATHM4X400M--POL01,ATHM4X004
ATHM4X400M--RSA01,ATHM4X004
ATHM4X400M--TTO01,ATHM4X004
ATHM4X400M--USA01,ATHM4X004
ATHM4X400M--ZAM01,ATHM4X004
ATHW4X100M--AUS01,ATHW4X001
ATHW4X100M--BEL01,ATHW4X001
ATHW4X100M--CAN01,ATHW4X001
ATHW4X100M--CIV01,ATHW4X001
ATHW4X100M--ESP01,ATHW4X001
ATHW4X100M--FRA01,ATHW4X001
ATHW4X100M--GBR01,ATHW4X001
ATHW4X100M--GER01,ATHW4X001
ATHW4X100M--ITA01,ATHW4X001
ATHW4X100M--JAM01,ATHW4X001
ATHW4X100M--NED01,ATHW4X001
ATHW4X100M--NGR01,ATHW4X001
ATHW4X100M--POL01,ATHW4X001
ATHW4X100M--TTO01,ATHW4X001
ATHW4X100M--USA01,ATHW4X001
ATHW4X400M--BEL01,ATHW4X004
ATHW4X400M--CAN01,ATHW4X004
ATHW4X400M--CUB01,ATHW4X004
ATHW4X400M--ESP01,ATHW4X004
ATHW4X400M--FRA01,ATHW4X004
ATHW4X400M--GBR01,ATHW4X004
ATHW4X400M--GER01,ATHW4X004
ATHW4X400M--IND01,ATHW4X004
ATHW4X400M--IRL01,ATHW4X004
ATHW4X400M--ITA01,ATHW4X004
ATHW4X400M--JAM01,ATHW4X004
ATHW4X400M--NED01,ATHW4X004
ATHW4X400M--NOR01,ATHW4X004
ATHW4X400M--POL01,ATHW4X004
ATHW4X400M--USA01,ATHW4X004
ATHX42KWALKTAUS01,ATHMRW001
ATHX42KWALKTAUS02,ATHMRW001
ATHX42KWALKTBRA01,ATHMRW001
ATHX42KWALKTCAN01,ATHMRW001
ATHX42KWALKTCHN01,ATHMRW001
ATHX42KWALKTCHN02,ATHMRW001
ATHX42KWALKTCOL01,ATHMRW001
ATHX42KWALKTCOL02,ATHMRW001
ATHX42KWALKTCZE01,ATHMRW001
ATHX42KWALKTECU01,ATHMRW001
ATHX42KWALKTESP01,ATHMRW001
ATHX42KWALKTESP02,ATHMRW001
ATHX42KWALKTFRA01,ATHMRW001
ATHX42KWALKTGER01,ATHMRW001
ATHX42KWALKTHUN01,ATHMRW001
ATHX42KWALKTIND01,ATHMRW001
ATHX42KWALKTITA01,ATHMRW001
ATHX42KWALKTJPN01,ATHMRW001
ATHX42KWALKTJPN02,ATHMRW001
ATHX42KWALKTMEX01,ATHMRW001
ATHX42KWALKTPER01,ATHMRW001
ATHX42KWALKTPOL01,ATHMRW001
ATHX42KWALKTSVK01,ATHMRW001
ATHX42KWALKTTUR01,ATHMRW001
ATHX42KWALKTUKR01,ATHMRW001
ATHX4X400M--BAH01,ATH4X4001
ATHX4X400M--BEL01,ATH4X4001
ATHX4X400M--DOM01,ATH4X4001
ATHX4X400M--FRA01,ATH4X4001
ATHX4X400M--GBR01,ATH4X4001
ATHX4X400M--GER01,ATH4X4001
ATHX4X400M--IRL01,ATH4X4001
ATHX4X400M--ITA01,ATH4X4001
ATHX4X400M--JAM01,ATH4X4001
ATHX4X400M--KEN01,ATH4X4001
ATHX4X400M--NED01,ATH4X4001
ATHX4X400M--NGR01,ATH4X4001
ATHX4X400M--POL01,ATH4X4001
ATHX4X400M--UKR01,ATH4X4001
ATHX4X400M--USA01,ATH4X4001
BDMMDOUBLES-CAN01,BDMMD004
BDMMDOUBLES-CHN01,BDMMD004
BDMMDOUBLES-CHN02,BDMMD004
BDMMDOUBLES-CZE01,BDMMD004
BDMMDOUBLES-DEN01,BDMMD004
BDMMDOUBLES-FRA01,BDMMD004
BDMMDOUBLES-FRA02,BDMMD004
BDMMDOUBLES-GBR01,BDMMD004
BDMMDOUBLES-GER01,BDMMD004
BDMMDOUBLES-INA01,BDMMD004
BDMMDOUBLES-IND01,BDMMD004
BDMMDOUBLES-JPN01,BDMMD004
BDMMDOUBLES-KOR01,BDMMD004
BDMMDOUBLES-MAS01,BDMMD004
BDMMDOUBLES-THA01,BDMMD004
BDMMDOUBLES-TPE01,BDMMD004
BDMMDOUBLES-USA01,BDMMD004
BDMWDOUBLES-AUS01,BDMWD001
BDMWDOUBLES-BUL01,BDMWD001
BDMWDOUBLES-CHN01,BDMWD001
BDMWDOUBLES-CHN02,BDMWD001
BDMWDOUBLES-DEN01,BDMWD001
BDMWDOUBLES-FRA01,BDMWD001
BDMWDOUBLES-HKG01,BDMWD001
BDMWDOUBLES-INA01,BDMWD001
BDMWDOUBLES-IND01,BDMWD001
BDMWDOUBLES-JPN01,BDMWD001
BDMWDOUBLES-JPN02,BDMWD001
BDMWDOUBLES-KOR01,BDMWD001
BDMWDOUBLES-KOR02,BDMWD001
BDMWDOUBLES-MAS01,BDMWD001
BDMWDOUBLES-THA01,BDMWD001
BDMWDOUBLES-USA01,BDMWD001
BDMXDOUBLES-ALG01,BDMMD001
BDMXDOUBLES-CHN01,BDMMD001
BDMXDOUBLES-CHN02,BDMMD001
BDMXDOUBLES-DEN01,BDMMD001
BDMXDOUBLES-FRA01,BDMMD001
BDMXDOUBLES-HKG01,BDMMD001
BDMXDOUBLES-INA01,BDMMD001
BDMXDOUBLES-JPN01,BDMMD001
BDMXDOUBLES-KOR01,BDMMD001
BDMXDOUBLES-KOR02,BDMMD001
BDMXDOUBLES-MAS01,BDMMD001
BDMXDOUBLES-NED01,BDMMD001
BDMXDOUBLES-SGP01,BDMMD001
BDMXDOUBLES-THA01,BDMMD001
BDMXDOUBLES-TPE01,BDMMD001
BDMXDOUBLES-USA01,BDMMD001
BK3MTEAM3---CHN01,BK3M001
BK3MTEAM3---FRA01,BK3M001
BK3MTEAM3---LAT01,BK3M001
BK3MTEAM3---LTU01,BK3M001
BK3MTEAM3---NED01,BK3M001
BK3MTEAM3---POL01,BK3M001
BK3MTEAM3---SRB01,BK3M001
BK3MTEAM3---USA01,BK3M001
BK3WTEAM3---AUS01,BK3W001
BK3WTEAM3---AZE01,BK3W001
BK3WTEAM3---CAN01,BK3W001
BK3WTEAM3---CHN01,BK3W001
BK3WTEAM3---ESP01,BK3W001
BK3WTEAM3---FRA01,BK3W001
BK3WTEAM3---GER01,BK3W001
BK3WTEAM3---USA01,BK3W001
BKBMTEAM5---AUS01,BKBM001
BKBMTEAM5---BRA01,BKBM001
BKBMTEAM5---CAN01,BKBM001
BKBMTEAM5---ESP01,BKBM001
BKBMTEAM5---FRA01,BKBM001
BKBMTEAM5---GER01,BKBM001
BKBMTEAM5---GRE01,BKBM001
BKBMTEAM5---JPN01,BKBM001
BKBMTEAM5---PUR01,BKBM001
BKBMTEAM5---SRB01,BKBM001
BKBMTEAM5---SSD01,BKBM001
BKBMTEAM5---USA01,BKBM001
BKBWTEAM5---AUS01,BKBW001
BKBWTEAM5---BEL01,BKBW001
BKBWTEAM5---CAN01,BKBW001
BKBWTEAM5---CHN01,BKBW001
BKBWTEAM5---ESP01,BKBW001
BKBWTEAM5---FRA01,BKBW001
BKBWTEAM5---GER01,BKBW001
BKBWTEAM5---JPN01,BKBW001
BKBWTEAM5---NGR01,BKBW001
BKBWTEAM5---PUR01,BKBW001
BKBWTEAM5---SRB01,BKBW001
BKBWTEAM5---USA01,BKBW001
CSPMC2-500M-AIN01,CSPMCD001
CSPMC2-500M-ANG01,CSPMCD001
CSPMC2-500M-BRA01,CSPMCD001
CSPMC2-500M-CHN01,CSPMCD001
CSPMC2-500M-CZE01,CSPMCD001
CSPMC2-500M-ESP01,CSPMCD001
CSPMC2-500M-FRA01,CSPMCD001
CSPMC2-500M-GER01,CSPMCD001
CSPMC2-500M-HUN01,CSPMCD001
CSPMC2-500M-ITA01,CSPMCD001
CSPMC2-500M-KAZ01,CSPMCD001
CSPMC2-500M-NZL01,CSPMCD001
CSPMC2-500M-ROU01,CSPMCD001
CSPMK2-500M-AUS01,CSPMKD001
CSPMK2-500M-CAN01,CSPMKD001
CSPMK2-500M-CHN01,CSPMKD001
CSPMK2-500M-CZE01,CSPMKD001
CSPMK2-500M-ESP01,CSPMKD001
CSPMK2-500M-ESP02,CSPMKD001
CSPMK2-500M-GER01,CSPMKD001
CSPMK2-500M-GER02,CSPMKD001
CSPMK2-500M-HUN01,CSPMKD001
CSPMK2-500M-HUN02,CSPMKD001
CSPMK2-500M-KAZ01,CSPMKD001
CSPMK2-500M-LTU01,CSPMKD001
CSPMK2-500M-NZL01,CSPMKD001
CSPMK2-500M-POL01,CSPMKD001
CSPMK2-500M-POR01,CSPMKD001
CSPMK2-500M-RSA01,CSPMKD001
CSPMK2-500M-SRB01,CSPMKD001
CSPMK2-500M-SRB02,CSPMKD001
CSPMK2-500M-UKR01,CSPMKD001
CSPMK2-500M-USA01,CSPMKD001
CSPMK4-500M-AUS01,CSPMKF001
CSPMK4-500M-CAN01,CSPMKF001
CSPMK4-500M-CHN01,CSPMKF001
CSPMK4-500M-DEN01,CSPMKF001
CSPMK4-500M-ESP01,CSPMKF001
CSPMK4-500M-GER01,CSPMKF001
CSPMK4-500M-HUN01,CSPMKF001
CSPMK4-500M-LTU01,CSPMKF001
CSPMK4-500M-NZL01,CSPMKF001
CSPMK4-500M-SRB01,CSPMKF001
CSPMK4-500M-UKR01,CSPMKF001
CSPWC2-500M-CAN01,CSPWCD001
CSPWC2-500M-CHI01,CSPWCD001
CSPWC2-500M-CHN01,CSPWCD001
CSPWC2-500M-CUB01,CSPWCD001
CSPWC2-500M-ESP01,CSPWCD001
CSPWC2-500M-FRA01,CSPWCD001
CSPWC2-500M-GER01,CSPWCD001
CSPWC2-500M-HUN01,CSPWCD001
CSPWC2-500M-KAZ01,CSPWCD001
CSPWC2-500M-MDA01,CSPWCD001
CSPWC2-500M-NGR01,CSPWCD001
CSPWC2-500M-POL01,CSPWCD001
CSPWC2-500M-UKR01,CSPWCD001
CSPWK2-500M-AUS01,CSPWKD001
CSPWK2-500M-BEL01,CSPWKD001
CSPWK2-500M-CAN01,CSPWKD001
CSPWK2-500M-CHN01,CSPWKD001
CSPWK2-500M-DEN01,CSPWKD001
CSPWK2-500M-ESP01,CSPWKD001
CSPWK2-500M-FRA01,CSPWKD001
CSPWK2-500M-GER01,CSPWKD001
CSPWK2-500M-GER02,CSPWKD001
CSPWK2-500M-HUN01,CSPWKD001
CSPWK2-500M-HUN02,CSPWKD001
CSPWK2-500M-MEX01,CSPWKD001
CSPWK2-500M-NED01,CSPWKD001
CSPWK2-500M-NOR01,CSPWKD001
CSPWK2-500M-NZL01,CSPWKD001
CSPWK2-500M-NZL02,CSPWKD001
CSPWK2-500M-POL01,CSPWKD001
CSPWK2-500M-POL02,CSPWKD001
CSPWK2-500M-RSA01,CSPWKD001
CSPWK2-500M-SWE01,CSPWKD001
CSPWK4-500M-AUS01,CSPWKF001
CSPWK4-500M-CAN01,CSPWKF001
CSPWK4-500M-CHN01,CSPWKF001
CSPWK4-500M-ESP01,CSPWKF001
CSPWK4-500M-GER01,CSPWKF001
CSPWK4-500M-HUN01,CSPWKF001
CSPWK4-500M-NOR01,CSPWKF001
CSPWK4-500M-NZL01,CSPWKF001
CSPWK4-500M-POL01,CSPWKF001
CSPWK4-500M-SRB01,CSPWKF001
CTRMMADISON-AUS01,CTRMM001
CTRMMADISON-AUT01,CTRMM001
CTRMMADISON-BEL01,CTRMM001
CTRMMADISON-CAN01,CTRMM001
CTRMMADISON-CZE01,CTRMM001
CTRMMADISON-DEN01,CTRMM001
CTRMMADISON-ESP01,CTRMM001
CTRMMADISON-FRA01,CTRMM001
CTRMMADISON-GBR01,CTRMM001
CTRMMADISON-GER01,CTRMM001
CTRMMADISON-ITA01,CTRMM001
CTRMMADISON-JPN01,CTRMM001
CTRMMADISON-NED01,CTRMM001
CTRMMADISON-NZL01,CTRMM001
CTRMMADISON-POR01,CTRMM001
CTRMPURTEAM4AUS01,CTRMTP001
CTRMPURTEAM4BEL01,CTRMTP001
CTRMPURTEAM4CAN01,CTRMTP001
CTRMPURTEAM4DEN01,CTRMTP001
CTRMPURTEAM4FRA01,CTRMTP001
CTRMPURTEAM4GBR01,CTRMTP001
CTRMPURTEAM4GER01,CTRMTP001
CTRMPURTEAM4ITA01,CTRMTP001
CTRMPURTEAM4JPN01,CTRMTP001
CTRMPURTEAM4NZL01,CTRMTP001
CTRMSPRTEAM3AUS01,CTRMTS001
CTRMSPRTEAM3CAN01,CTRMTS001
CTRMSPRTEAM3CHN01,CTRMTS001
CTRMSPRTEAM3FRA01,CTRMTS001
CTRMSPRTEAM3GBR01,CTRMTS001
CTRMSPRTEAM3GER01,CTRMTS001
CTRMSPRTEAM3JPN01,CTRMTS001
CTRMSPRTEAM3NED01,CTRMTS001
CTRWMADISON-AUS01,CTRWM001
CTRWMADISON-BEL01,CTRWM001
CTRWMADISON-CAN01,CTRWM001
CTRWMADISON-DEN01,CTRWM001
CTRWMADISON-FRA01,CTRWM001
CTRWMADISON-GBR01,CTRWM001
CTRWMADISON-GER01,CTRWM001
CTRWMADISON-IRL01,CTRWM001
CTRWMADISON-ITA01,CTRWM001
CTRWMADISON-JPN01,CTRWM001
CTRWMADISON-NED01,CTRWM001
CTRWMADISON-NZL01,CTRWM001
CTRWMADISON-POL01,CTRWM001
CTRWMADISON-USA01,CTRWM001
CTRWPURTEAM4AUS01,CTRWTP001
CTRWPURTEAM4CAN01,CTRWTP001
CTRWPURTEAM4FRA01,CTRWTP001
CTRWPURTEAM4GBR01,CTRWTP001
CTRWPURTEAM4GER01,CTRWTP001
CTRWPURTEAM4IRL01,CTRWTP001
CTRWPURTEAM4ITA01,CTRWTP001
CTRWPURTEAM4JPN01,CTRWTP001
CTRWPURTEAM4NZL01,CTRWTP001
CTRWPURTEAM4USA01,CTRWTP001
CTRWSPRTEAM3CAN01,CTRWTS001
CTRWSPRTEAM3CHN01,CTRWTS001
CTRWSPRTEAM3GBR01,CTRWTS001
CTRWSPRTEAM3GER01,CTRWTS001
CTRWSPRTEAM3MEX01,CTRWTS001
CTRWSPRTEAM3NED01,CTRWTS001
CTRWSPRTEAM3NZL01,CTRWTS001
CTRWSPRTEAM3POL01,CTRWTS001
DIVM10MTEAM2AUS01,DIVMS1001
DIVM10MTEAM2CAN01,DIVMS1001
DIVM10MTEAM2CHN01,DIVMS1001
DIVM10MTEAM2FRA01,DIVMS1001
DIVM10MTEAM2GBR01,DIVMS1001
DIVM10MTEAM2GER01,DIVMS1001
DIVM10MTEAM2MEX01,DIVMS1001
DIVM10MTEAM2UKR01,DIVMS1001
DIVM3MTEAM2-CHN01,DIVMS3001
DIVM3MTEAM2-ESP01,DIVMS3001
DIVM3MTEAM2-FRA01,DIVMS3001
DIVM3MTEAM2-GBR01,DIVMS3001
DIVM3MTEAM2-ITA01,DIVMS3001
DIVM3MTEAM2-MEX01,DIVMS3001
DIVM3MTEAM2-UKR01,DIVMS3001
DIVM3MTEAM2-USA01,DIVMS3001
DIVW10MTEAM2CAN01,DIVWS1001
DIVW10MTEAM2CHN01,DIVWS1001
DIVW10MTEAM2FRA01,DIVWS1001
DIVW10MTEAM2GBR01,DIVWS1001
DIVW10MTEAM2MEX01,DIVWS1001
DIVW10MTEAM2UKR01,DIVWS1001
DIVW10MTEAM2USA01,DIVWS1001
DIVW3MTEAM2-AUS01,DIVWS3001
DIVW3MTEAM2-CHN01,DIVWS3001
DIVW3MTEAM2-FRA01,DIVWS3001
DIVW3MTEAM2-GBR01,DIVWS3001
DIVW3MTEAM2-GER01,DIVWS3001
DIVW3MTEAM2-ITA01,DIVWS3001
DIVW3MTEAM2-UKR01,DIVWS3001
DIVW3MTEAM2-USA01,DIVWS3001
EQUODRESTEAMAUS01,EQUDT001
EQUODRESTEAMAUT01,EQUDT001
EQUODRESTEAMBEL01,EQUDT001
EQUODRESTEAMCAN01,EQUDT001
EQUODRESTEAMDEN01,EQUDT001
EQUODRESTEAMESP01,EQUDT001
EQUODRESTEAMFIN01,EQUDT001
EQUODRESTEAMFRA01,EQUDT001
EQUODRESTEAMGBR01,EQUDT001
EQUODRESTEAMGER01,EQUDT001
EQUODRESTEAMNED01,EQUDT001
EQUODRESTEAMPOL01,EQUDT001
EQUODRESTEAMPOR01,EQUDT001
EQUODRESTEAMSWE01,EQUDT001
EQUODRESTEAMUSA01,EQUDT001
EQUOEVENTEAMAUS01,EQUET001
EQUOEVENTEAMBEL01,EQUET001
EQUOEVENTEAMBRA01,EQUET001
EQUOEVENTEAMCAN01,EQUET001
EQUOEVENTEAMFRA01,EQUET001
EQUOEVENTEAMGBR01,EQUET001
EQUOEVENTEAMGER01,EQUET001
EQUOEVENTEAMIRL01,EQUET001
EQUOEVENTEAMITA01,EQUET001
EQUOEVENTEAMJPN01,EQUET001
EQUOEVENTEAMNED01,EQUET001
EQUOEVENTEAMNZL01,EQUET001
EQUOEVENTEAMPOL01,EQUET001
EQUOEVENTEAMSWE01,EQUET001
EQUOEVENTEAMUSA01,EQUET001
EQUOJUMPTEAMAUS01,EQUJT001
EQUOJUMPTEAMAUT01,EQUJT001
EQUOJUMPTEAMBEL01,EQUJT001
EQUOJUMPTEAMBRA01,EQUJT001
EQUOJUMPTEAMCAN01,EQUJT001
EQUOJUMPTEAMESP01,EQUJT001
EQUOJUMPTEAMFRA01,EQUJT001
EQUOJUMPTEAMGBR01,EQUJT001
EQUOJUMPTEAMGER01,EQUJT001
EQUOJUMPTEAMIRL01,EQUJT001
EQUOJUMPTEAMISR01,EQUJT001
EQUOJUMPTEAMJPN01,EQUJT001
EQUOJUMPTEAMKSA01,EQUJT001
EQUOJUMPTEAMMEX01,EQUJT001
EQUOJUMPTEAMNED01,EQUJT001
EQUOJUMPTEAMPOL01,EQUJT001
EQUOJUMPTEAMSWE01,EQUJT001
EQUOJUMPTEAMUAE01,EQUJT001
EQUOJUMPTEAMUSA01,EQUJT001
FBLMTEAM11--ARG01,FBLM001
FBLMTEAM11--DOM01,FBLM001
FBLMTEAM11--EGY01,FBLM001
FBLMTEAM11--ESP01,FBLM001
FBLMTEAM11--FRA01,FBLM001
FBLMTEAM11--GUI01,FBLM001
FBLMTEAM11--IRQ01,FBLM001
FBLMTEAM11--ISR01,FBLM001
FBLMTEAM11--JPN01,FBLM001
FBLMTEAM11--MAR01,FBLM001
FBLMTEAM11--MLI01,FBLM001
FBLMTEAM11--NZL01,FBLM001
FBLMTEAM11--PAR01,FBLM001
FBLMTEAM11--UKR01,FBLM001
FBLMTEAM11--USA01,FBLM001
FBLMTEAM11--UZB01,FBLM001
FBLWTEAM11--AUS01,FBLW001
FBLWTEAM11--BRA01,FBLW001
FBLWTEAM11--CAN01,FBLW001
FBLWTEAM11--COL01,FBLW001
FBLWTEAM11--ESP01,FBLW001
FBLWTEAM11--FRA01,FBLW001
FBLWTEAM11--GER01,FBLW001
FBLWTEAM11--JPN01,FBLW001
FBLWTEAM11--NGR01,FBLW001
FBLWTEAM11--NZL01,FBLW001
FBLWTEAM11--USA01,FBLW001
FBLWTEAM11--ZAM01,FBLW001
FENMTEAMEPEECZE01,FENM8T001
FENMTEAMEPEEEGY01,FENM8T001
FENMTEAMEPEEFRA01,FENM8T001
FENMTEAMEPEEHUN01,FENM8T001
FENMTEAMEPEEITA01,FENM8T001
FENMTEAMEPEEJPN01,FENM8T001
FENMTEAMEPEEKAZ01,FENM8T001
FENMTEAMEPEEVEN01,FENM8T001
FENMTEAMFOILCAN01,FENMFT001
FENMTEAMFOILCHN01,FENMFT001
FENMTEAMFOILEGY01,FENMFT001
FENMTEAMFOILFRA01,FENMFT001
FENMTEAMFOILITA01,FENMFT001
FENMTEAMFOILJPN01,FENMFT001
FENMTEAMFOILPOL01,FENMFT001
FENMTEAMFOILUSA01,FENMFT001
FENMTEAMSABRCAN01,FENMST001
FENMTEAMSABREGY01,FENMST001
FENMTEAMSABRFRA01,FENMST001
FENMTEAMSABRHUN01,FENMST001
FENMTEAMSABRIRI01,FENMST001
FENMTEAMSABRITA01,FENMST001
FENMTEAMSABRKOR01,FENMST001
FENMTEAMSABRUSA01,FENMST001
FENWTEAMFOILCAN01,FENWFT001
FENWTEAMFOILCHN01,FENWFT001
FENWTEAMFOILEGY01,FENWFT001
FENWTEAMFOILFRA01,FENWFT001
FENWTEAMFOILITA01,FENWFT001
FENWTEAMFOILJPN01,FENWFT001
FENWTEAMFOILPOL01,FENWFT001
FENWTEAMFOILUSA01,FENWFT001
FENWTEAMSABRALG01,FENWST001
FENWTEAMSABRFRA01,FENWST001
FENWTEAMSABRHUN01,FENWST001
FENWTEAMSABRITA01,FENWST001
FENWTEAMSABRJPN01,FENWST001
FENWTEAMSABRKOR01,FENWST001
FENWTEAMSABRUKR01,FENWST001
FENWTEAMSABRUSA01,FENWST001
GARMTEAM----CAN01,GARMT001
GARMTEAM----CHN01,GARMT001
GARMTEAM----ESP01,GARMT001
GARMTEAM----GBR01,GARMT001
GARMTEAM----GER01,GARMT001
GARMTEAM----ITA01,GARMT001
GARMTEAM----JPN01,GARMT001
GARMTEAM----NED01,GARMT001
GARMTEAM----TUR01,GARMT001
GARMTEAM----UKR01,GARMT001
GARMTEAM----USA01,GARMT001
GARWTEAM----AUS01,GARWT001
GARWTEAM----BRA01,GARWT001
GARWTEAM----CAN01,GARWT001
GARWTEAM----CHN01,GARWT001
GARWTEAM----FRA01,GARWT001
GARWTEAM----GBR01,GARWT001
GARWTEAM----ITA01,GARWT001
GARWTEAM----JPN01,GARWT001
GARWTEAM----KOR01,GARWT001
GARWTEAM----NED01,GARWT001
GARWTEAM----ROU01,GARWT001
GARWTEAM----USA01,GARWT001
GRYW5AA-----AUS01,GRYGA001
GRYW5AA-----AZE01,GRYGA001
GRYW5AA-----BRA01,GRYGA001
GRYW5AA-----BUL01,GRYGA001
GRYW5AA-----CHN01,GRYGA001
GRYW5AA-----EGY01,GRYGA001
GRYW5AA-----ESP01,GRYGA001
GRYW5AA-----FRA01,GRYGA001
GRYW5AA-----GER01,GRYGA001
GRYW5AA-----ISR01,GRYGA001
GRYW5AA-----ITA01,GRYGA001
GRYW5AA-----MEX01,GRYGA001
GRYW5AA-----UKR01,GRYGA001
GRYW5AA-----UZB01,GRYGA001
HBLMTEAM7---ARG01,HBLM001
HBLMTEAM7---CRO01,HBLM001
HBLMTEAM7---DEN01,HBLM001
HBLMTEAM7---EGY01,HBLM001
HBLMTEAM7---ESP01,HBLM001
HBLMTEAM7---FRA01,HBLM001
HBLMTEAM7---GER01,HBLM001
HBLMTEAM7---HUN01,HBLM001
HBLMTEAM7---JPN01,HBLM001
HBLMTEAM7---NOR01,HBLM001
HBLMTEAM7---SWE01,HBLM001
HBLWTEAM7---ANG01,HBLW001
HBLWTEAM7---BRA01,HBLW001
HBLWTEAM7---DEN01,HBLW001
HBLWTEAM7---ESP01,HBLW001
HBLWTEAM7---FRA01,HBLW001
HBLWTEAM7---GER01,HBLW001
HBLWTEAM7---HUN01,HBLW001
HBLWTEAM7---KOR01,HBLW001
HBLWTEAM7---NED01,HBLW001
HBLWTEAM7---NOR01,HBLW001
HBLWTEAM7---SWE01,HBLW001
HOCMTEAM11--ARG01,HOCM001
HOCMTEAM11--AUS01,HOCM001
HOCMTEAM11--BEL01,HOCM001
HOCMTEAM11--ESP01,HOCM001
HOCMTEAM11--FRA01,HOCM001
HOCMTEAM11--GBR01,HOCM001
HOCMTEAM11--GER01,HOCM001
HOCMTEAM11--IND01,HOCM001
HOCMTEAM11--IRL01,HOCM001
HOCMTEAM11--NED01,HOCM001
HOCMTEAM11--NZL01,HOCM001
HOCMTEAM11--RSA01,HOCM001
HOCWTEAM11--ARG01,HOCW001
HOCWTEAM11--AUS01,HOCW001
HOCWTEAM11--BEL01,HOCW001
HOCWTEAM11--CHN01,HOCW001
HOCWTEAM11--ESP01,HOCW001
HOCWTEAM11--FRA01,HOCW001
HOCWTEAM11--GBR01,HOCW001
HOCWTEAM11--GER01,HOCW001
HOCWTEAM11--JPN01,HOCW001
HOCWTEAM11--NED01,HOCW001
HOCWTEAM11--RSA01,HOCW001
HOCWTEAM11--USA01,HOCW001
JUDXTEAM6---AUT01,JUDMT001
JUDXTEAM6---BRA01,JUDMT001
JUDXTEAM6---CAN01,JUDMT001
JUDXTEAM6---EOR01,JUDMT001
JUDXTEAM6---ESP01,JUDMT001
JUDXTEAM6---FRA01,JUDMT001
JUDXTEAM6---GEO01,JUDMT001
JUDXTEAM6---GER01,JUDMT001
JUDXTEAM6---HUN01,JUDMT001
JUDXTEAM6---ISR01,JUDMT001
JUDXTEAM6---ITA01,JUDMT001
JUDXTEAM6---JPN01,JUDMT001
JUDXTEAM6---KAZ01,JUDMT001
JUDXTEAM6---KOR01,JUDMT001
JUDXTEAM6---MGL01,JUDMT001
JUDXTEAM6---NED01,JUDMT001
JUDXTEAM6---SRB01,JUDMT001
JUDXTEAM6---TUR01,JUDMT001
JUDXTEAM6---UZB01,JUDMT001
ROWMCOXED8--AUS01,ROWME001
ROWMCOXED8--GBR01,ROWME001
ROWMCOXED8--GER01,ROWME001
ROWMCOXED8--ITA01,ROWME001
ROWMCOXED8--NED01,ROWME001
ROWMCOXED8--ROU01,ROWME001
ROWMCOXED8--USA01,ROWME001
ROWMNOCOX2--AUS01,ROWMP001
ROWMNOCOX2--CRO01,ROWMP001
ROWMNOCOX2--ESP01,ROWMP001
ROWMNOCOX2--GBR01,ROWMP001
ROWMNOCOX2--GER01,ROWMP001
ROWMNOCOX2--IRL01,ROWMP001
ROWMNOCOX2--ITA01,ROWMP001
ROWMNOCOX2--LTU01,ROWMP001
ROWMNOCOX2--NZL01,ROWMP001
ROWMNOCOX2--ROU01,ROWMP001
ROWMNOCOX2--RSA01,ROWMP001
ROWMNOCOX2--USA01,ROWMP001
ROWMNOCOX4--AUS01,ROWMF001
ROWMNOCOX4--FRA01,ROWMF001
ROWMNOCOX4--GBR01,ROWMF001
ROWMNOCOX4--ITA01,ROWMF001
ROWMNOCOX4--NED01,ROWMF001
ROWMNOCOX4--NZL01,ROWMF001
ROWMNOCOX4--ROU01,ROWMF001
ROWMNOCOX4--USA01,ROWMF001
ROWMSCULL2--CHN01,ROWMDS001
ROWMSCULL2--CRO01,ROWMDS001
ROWMSCULL2--ESP01,ROWMDS001
ROWMSCULL2--FRA01,ROWMDS001
ROWMSCULL2--GER01,ROWMDS001
ROWMSCULL2--IRL01,ROWMDS001
ROWMSCULL2--ITA01,ROWMDS001
ROWMSCULL2-LARG01,ROWLMD001
ROWMSCULL2-LBEL01,ROWLMD001
ROWMSCULL2-LCHI01,ROWLMD001
ROWMSCULL2-LCZE01,ROWLMD001
ROWMSCULL2-LEGY01,ROWLMD001
ROWMSCULL2-LESP01,ROWLMD001
ROWMSCULL2-LFRA01,ROWLMD001
ROWMSCULL2-LGRE01,ROWLMD001
ROWMSCULL2-LIRL01,ROWLMD001
ROWMSCULL2-LITA01,ROWLMD001
ROWMSCULL2-LJPN01,ROWLMD001
ROWMSCULL2-LMEX01,ROWLMD001
ROWMSCULL2-LNOR01,ROWLMD001
ROWMSCULL2-LUKR01,ROWLMD001
ROWMSCULL2-LUZB01,ROWLMD001
ROWMSCULL2--NED01,ROWMDS001
ROWMSCULL2--NOR01,ROWMDS001
ROWMSCULL2--NZL01,ROWMDS001
ROWMSCULL2--ROU01,ROWMDS001
ROWMSCULL2--SRB01,ROWMDS001
ROWMSCULL2--USA01,ROWMDS001
ROWMSCULL4--EST01,ROWMQS001
ROWMSCULL4--GBR01,ROWMQS001
ROWMSCULL4--GER01,ROWMQS001
ROWMSCULL4--ITA01,ROWMQS001
ROWMSCULL4--NED01,ROWMQS001
ROWMSCULL4--NOR01,ROWMQS001
ROWMSCULL4--POL01,ROWMQS001
ROWMSCULL4--ROU01,ROWMQS001
ROWWCOXED8--AUS01,ROWWE001
ROWWCOXED8--CAN01,ROWWE001
ROWWCOXED8--DEN01,ROWWE001
ROWWCOXED8--GBR01,ROWWE001
ROWWCOXED8--ITA01,ROWWE001
ROWWCOXED8--ROU01,ROWWE001
ROWWCOXED8--USA01,ROWWE001
ROWWNOCOX2--AUS01,ROWWP001
ROWWNOCOX2--CHI01,ROWWP001
ROWWNOCOX2--CZE01,ROWWP001
ROWWNOCOX2--DEN01,ROWWP001
ROWWNOCOX2--ESP01,ROWWP001
ROWWNOCOX2--GBR01,ROWWP001
ROWWNOCOX2--GRE01,ROWWP001
ROWWNOCOX2--IRL01,ROWWP001
ROWWNOCOX2--LTU01,ROWWP001
ROWWNOCOX2--NED01,ROWWP001
ROWWNOCOX2--NZL01,ROWWP001
ROWWNOCOX2--ROU01,ROWWP001
ROWWNOCOX2--USA01,ROWWP001
ROWWNOCOX4--AUS01,ROWWF001
ROWWNOCOX4--CHN01,ROWWF001
ROWWNOCOX4--DEN01,ROWWF001
ROWWNOCOX4--GBR01,ROWWF001
ROWWNOCOX4--IRL01,ROWWF001
ROWWNOCOX4--NED01,ROWWF001
ROWWNOCOX4--NZL01,ROWWF001
ROWWNOCOX4--ROU01,ROWWF001
ROWWNOCOX4--USA01,ROWWF001
ROWWSCULL2--AUS01,ROWWDS001
ROWWSCULL2--CHN01,ROWWDS001
ROWWSCULL2--CZE01,ROWWDS001
ROWWSCULL2--FRA01,ROWWDS001
ROWWSCULL2--GBR01,ROWWDS001
ROWWSCULL2--IRL01,ROWWDS001
ROWWSCULL2--ITA01,ROWWDS001
ROWWSCULL2-LARG01,ROWLWD001
ROWWSCULL2-LAUT01,ROWLWD001
ROWWSCULL2-LCAN01,ROWLWD001
ROWWSCULL2-LCHN01,ROWLWD001
ROWWSCULL2-LFRA01,ROWLWD001
ROWWSCULL2-LGBR01,ROWLWD001
ROWWSCULL2-LGRE01,ROWLWD001
ROWWSCULL2-LIRI01,ROWLWD001
ROWWSCULL2-LIRL01,ROWLWD001
ROWWSCULL2-LJPN01,ROWLWD001
ROWWSCULL2-LNZL01,ROWLWD001
ROWWSCULL2-LPER01,ROWLWD001
ROWWSCULL2-LPOL01,ROWLWD001
ROWWSCULL2-LROU01,ROWLWD001
ROWWSCULL2--LTU01,ROWWDS001
ROWWSCULL2-LTUN01,ROWLWD001
ROWWSCULL2-LUSA01,ROWLWD001
ROWWSCULL2--NED01,ROWWDS001
ROWWSCULL2--NOR01,ROWWDS001
ROWWSCULL2--NZL01,ROWWDS001
ROWWSCULL2--ROU01,ROWWDS001
ROWWSCULL2--USA01,ROWWDS001
ROWWSCULL4--AUS01,ROWWQS001
ROWWSCULL4--CHN01,ROWWQS001
ROWWSCULL4--GBR01,ROWWQS001
ROWWSCULL4--GER01,ROWWQS001
ROWWSCULL4--NED01,ROWWQS001
ROWWSCULL4--ROU01,ROWWQS001
ROWWSCULL4--UKR01,ROWWQS001
ROWWSCULL4--USA01,ROWWQS001
RU7MTEAM7---ARG01,RU7M001
RU7MTEAM7---AUS01,RU7M001
RU7MTEAM7---FIJ01,RU7M001
RU7MTEAM7---FRA01,RU7M001
RU7MTEAM7---IRL01,RU7M001
RU7MTEAM7---JPN01,RU7M001
RU7MTEAM7---KEN01,RU7M001
RU7MTEAM7---NZL01,RU7M001
RU7MTEAM7---RSA01,RU7M001
RU7MTEAM7---SAM01,RU7M001
RU7MTEAM7---URU01,RU7M001
RU7MTEAM7---USA01,RU7M001
RU7WTEAM7---AUS01,RU7W001
RU7WTEAM7---BRA01,RU7W001
RU7WTEAM7---CAN01,RU7W001
RU7WTEAM7---CHN01,RU7W001
RU7WTEAM7---FIJ01,RU7W001
RU7WTEAM7---FRA01,RU7W001
RU7WTEAM7---GBR01,RU7W001
RU7WTEAM7---IRL01,RU7W001
RU7WTEAM7---JPN01,RU7W001
RU7WTEAM7---NZL01,RU7W001
RU7WTEAM7---RSA01,RU7W001
RU7WTEAM7---USA01,RU7W001
SALM49ER----AUS01,SALMS001
SALM49ER----AUT01,SALMS001
SALM49ER----BEL01,SALMS001
SALM49ER----BRA01,SALMS001
SALM49ER----CAN01,SALMS001
SALM49ER----CHN01,SALMS001
SALM49ER----CRO01,SALMS001
SALM49ER----DEN01,SALMS001
SALM49ER----ESP01,SALMS001
SALM49ER----FRA01,SALMS001
SALM49ER----GBR01,SALMS001
SALM49ER----GER01,SALMS001
SALM49ER----HKG01,SALMS001
SALM49ER----IRL01,SALMS001
SALM49ER----NED01,SALMS001
SALM49ER----NZL01,SALMS001
SALM49ER----POL01,SALMS001
SALM49ER----URU01,SALMS001
SALM49ER----USA01,SALMS001
SALW49ERFX--AUS01,SALWS001
SALW49ERFX--BEL01,SALWS001
SALW49ERFX--BRA01,SALWS001
SALW49ERFX--CAN01,SALWS001
SALW49ERFX--CHN01,SALWS001
SALW49ERFX--CZE01,SALWS001
SALW49ERFX--DEN01,SALWS001
SALW49ERFX--ESP01,SALWS001
SALW49ERFX--FIN01,SALWS001
SALW49ERFX--FRA01,SALWS001
SALW49ERFX--GBR01,SALWS001
SALW49ERFX--GER01,SALWS001
SALW49ERFX--ITA01,SALWS001
SALW49ERFX--JPN01,SALWS001
SALW49ERFX--NED01,SALWS001
SALW49ERFX--NOR01,SALWS001
SALW49ERFX--NZL01,SALWS001
SALW49ERFX--POL01,SALWS001
SALW49ERFX--SWE01,SALWS001
SALW49ERFX--USA01,SALWS001
SALX470-----ANG01,SALMD004
SALX470-----AUS01,SALMD004
SALX470-----AUT01,SALMD004
SALX470-----BRA01,SALMD004
SALX470-----CHN01,SALMD004
SALX470-----ESP01,SALMD004
SALX470-----FRA01,SALMD004
SALX470-----GBR01,SALMD004
SALX470-----GER01,SALMD004
SALX470-----GRE01,SALMD004
SALX470-----ISR01,SALMD004
SALX470-----ITA01,SALMD004
SALX470-----JPN01,SALMD004
SALX470-----POR01,SALMD004
SALX470-----SWE01,SALMD004
SALX470-----TUR01,SALMD004
SALX470-----USA01,SALMD004
SALXNACRA17-ARG01,SALMM001
SALXNACRA17-AUS01,SALMM001
SALXNACRA17-AUT01,SALMM001
SALXNACRA17-BEL01,SALMM001
SALXNACRA17-BRA01,SALMM001
SALXNACRA17-CHN01,SALMM001
SALXNACRA17-DEN01,SALMM001
SALXNACRA17-ESP01,SALMM001
SALXNACRA17-FIN01,SALMM001
SALXNACRA17-FRA01,SALMM001
SALXNACRA17-GBR01,SALMM001
SALXNACRA17-GER01,SALMM001
SALXNACRA17-ITA01,SALMM001
SALXNACRA17-JPN01,SALMM001
SALXNACRA17-NED01,SALMM001
SALXNACRA17-NZL01,SALMM001
SALXNACRA17-SWE01,SALMM001
SALXNACRA17-TUR01,SALMM001
SALXNACRA17-USA01,SALMM001
SHOXAPMT----BUL01,SHO1AP007
SHOXAPMT----CHN01,SHO1AP007
SHOXAPMT----CHN02,SHO1AP007
SHOXAPMT----FRA01,SHO1AP007
SHOXAPMT----GER01,SHO1AP007
SHOXAPMT----GER02,SHO1AP007
SHOXAPMT----IND01,SHO1AP007
SHOXAPMT----IND02,SHO1AP007
SHOXAPMT----KAZ01,SHO1AP007
SHOXAPMT----KOR01,SHO1AP007
SHOXAPMT----KOR02,SHO1AP007
SHOXAPMT----LAT01,SHO1AP007
SHOXAPMT----PAK01,SHO1AP007
SHOXAPMT----SRB01,SHO1AP007
SHOXAPMT----TUR01,SHO1AP007
SHOXAPMT----TUR02,SHO1AP007
SHOXAPMT----UKR01,SHO1AP007
SHOXARMT----ARG01,SHO1AR001
SHOXARMT----AUT01,SHO1AR001
SHOXARMT----CHN01,SHO1AR001
SHOXARMT----CHN02,SHO1AR001
SHOXARMT----CZE01,SHO1AR001
SHOXARMT----EGY01,SHO1AR001
SHOXARMT----EGY02,SHO1AR001
SHOXARMT----FRA01,SHO1AR001
SHOXARMT----FRA02,SHO1AR001
SHOXARMT----GBR01,SHO1AR001
SHOXARMT----GER01,SHO1AR001
SHOXARMT----HUN01,SHO1AR001
SHOXARMT----IND01,SHO1AR001
SHOXARMT----IND02,SHO1AR001
SHOXARMT----ITA01,SHO1AR001
SHOXARMT----JPN01,SHO1AR001
SHOXARMT----KAZ01,SHO1AR001
SHOXARMT----KAZ02,SHO1AR001
SHOXARMT----KOR01,SHO1AR001
SHOXARMT----KOR02,SHO1AR001
SHOXARMT----MEX01,SHO1AR001
SHOXARMT----MGL01,SHO1AR001
SHOXARMT----NOR01,SHO1AR001
SHOXARMT----NOR02,SHO1AR001
SHOXARMT----POL01,SHO1AR001
SHOXARMT----POL02,SHO1AR001
SHOXARMT----USA01,SHO1AR001
SHOXARMT----USA02,SHO1AR001
SHOXSKMT----AUS01,SHOSMT001
SHOXSKMT----CHN01,SHOSMT001
SHOXSKMT----CZE01,SHOSMT001
SHOXSKMT----EGY01,SHOSMT001
SHOXSKMT----FRA01,SHOSMT001
SHOXSKMT----GER01,SHOSMT001
SHOXSKMT----GRE01,SHOSMT001
SHOXSKMT----IND01,SHOSMT001
SHOXSKMT----ITA01,SHOSMT001
SHOXSKMT----ITA02,SHOSMT001
SHOXSKMT----KAZ01,SHOSMT001
SHOXSKMT----KOR01,SHOSMT001
SHOXSKMT----PER01,SHOSMT001
SHOXSKMT----SWE01,SHOSMT001
SHOXSKMT----USA01,SHOSMT001
SHOXSKMT----USA02,SHOSMT001
SWAWTEAM2---AUS01,SWAD001
SWAWTEAM2---AUT01,SWAD001
SWAWTEAM2---CAN01,SWAD001
SWAWTEAM2---CHN01,SWAD001
SWAWTEAM2---EGY01,SWAD001
SWAWTEAM2---ESP01,SWAD001
SWAWTEAM2---FRA01,SWAD001
SWAWTEAM2---GBR01,SWAD001
SWAWTEAM2---GRE01,SWAD001
SWAWTEAM2---ISR01,SWAD001
SWAWTEAM2---ITA01,SWAD001
SWAWTEAM2---JPN01,SWAD001
SWAWTEAM2---KOR01,SWAD001
SWAWTEAM2---MEX01,SWAD001
SWAWTEAM2---NED01,SWAD001
SWAWTEAM2---NZL01,SWAD001
SWAWTEAM2---UKR01,SWAD001
SWAWTEAM2---USA01,SWAD001
SWAWTEAM8---AUS01,SWAT001
SWAWTEAM8---CAN01,SWAT001
SWAWTEAM8---CHN01,SWAT001
SWAWTEAM8---EGY01,SWAT001
SWAWTEAM8---ESP01,SWAT001
SWAWTEAM8---FRA01,SWAT001
SWAWTEAM8---ITA01,SWAT001
SWAWTEAM8---JPN01,SWAT001
SWAWTEAM8---MEX01,SWAT001
SWAWTEAM8---USA01,SWAT001
SWMM4X100MFRAUS01,SWMM4X001
SWMM4X100MFRBRA01,SWMM4X001
SWMM4X100MFRCAN01,SWMM4X001
SWMM4X100MFRCHN01,SWMM4X001
SWMM4X100MFRESP01,SWMM4X001
SWMM4X100MFRFRA01,SWMM4X001
SWMM4X100MFRGBR01,SWMM4X001
SWMM4X100MFRGER01,SWMM4X001
SWMM4X100MFRGRE01,SWMM4X001
SWMM4X100MFRHUN01,SWMM4X001
SWMM4X100MFRISR01,SWMM4X001
SWMM4X100MFRITA01,SWMM4X001
SWMM4X100MFRPOL01,SWMM4X001
SWMM4X100MFRSRB01,SWMM4X001
SWMM4X100MFRSWE01,SWMM4X001
SWMM4X100MFRUSA01,SWMM4X001
SWMM4X100MMDAUS01,SWMM4X010
SWMM4X100MMDAUT01,SWMM4X010
SWMM4X100MMDCAN01,SWMM4X010
SWMM4X100MMDCHN01,SWMM4X010
SWMM4X100MMDESP01,SWMM4X010
SWMM4X100MMDFRA01,SWMM4X010
SWMM4X100MMDGBR01,SWMM4X010
SWMM4X100MMDGER01,SWMM4X010
SWMM4X100MMDIRL01,SWMM4X010
SWMM4X100MMDITA01,SWMM4X010
SWMM4X100MMDJPN01,SWMM4X010
SWMM4X100MMDKOR01,SWMM4X010
SWMM4X100MMDNED01,SWMM4X010
SWMM4X100MMDPOL01,SWMM4X010
SWMM4X100MMDUSA01,SWMM4X010
SWMM4X200MFRAUS01,SWMM4X004
SWMM4X200MFRBRA01,SWMM4X004
SWMM4X200MFRCAN01,SWMM4X004
SWMM4X200MFRCHN01,SWMM4X004
SWMM4X200MFRESP01,SWMM4X004
SWMM4X200MFRFRA01,SWMM4X004
SWMM4X200MFRGBR01,SWMM4X004
SWMM4X200MFRGER01,SWMM4X004
SWMM4X200MFRGRE01,SWMM4X004
SWMM4X200MFRISR01,SWMM4X004
SWMM4X200MFRITA01,SWMM4X004
SWMM4X200MFRJPN01,SWMM4X004
SWMM4X200MFRKOR01,SWMM4X004
SWMM4X200MFRLTU01,SWMM4X004
SWMM4X200MFRUSA01,SWMM4X004
SWMW4X100MFRAUS01,SWMW4X001
SWMW4X100MFRBRA01,SWMW4X001
SWMW4X100MFRCAN01,SWMW4X001
SWMW4X100MFRCHN01,SWMW4X001
SWMW4X100MFRDEN01,SWMW4X001
SWMW4X100MFRFRA01,SWMW4X001
SWMW4X100MFRGBR01,SWMW4X001
SWMW4X100MFRHKG01,SWMW4X001
SWMW4X100MFRHUN01,SWMW4X001
SWMW4X100MFRIRL01,SWMW4X001
SWMW4X100MFRITA01,SWMW4X001
SWMW4X100MFRNED01,SWMW4X001
SWMW4X100MFRPOL01,SWMW4X001
SWMW4X100MFRSWE01,SWMW4X001
SWMW4X100MFRUSA01,SWMW4X001
SWMW4X100MMDAUS01,SWMW4X007
SWMW4X100MMDCAN01,SWMW4X007
SWMW4X100MMDCHN01,SWMW4X007
SWMW4X100MMDDEN01,SWMW4X007
SWMW4X100MMDFRA01,SWMW4X007
SWMW4X100MMDGBR01,SWMW4X007
SWMW4X100MMDGER01,SWMW4X007
SWMW4X100MMDHKG01,SWMW4X007
SWMW4X100MMDIRL01,SWMW4X007
SWMW4X100MMDITA01,SWMW4X007
SWMW4X100MMDJPN01,SWMW4X007
SWMW4X100MMDNED01,SWMW4X007
SWMW4X100MMDPOL01,SWMW4X007
SWMW4X100MMDSGP01,SWMW4X007
SWMW4X100MMDSWE01,SWMW4X007
SWMW4X100MMDUSA01,SWMW4X007
SWMW4X200MFRAUS01,SWMW4X004
SWMW4X200MFRBRA01,SWMW4X004
SWMW4X200MFRCAN01,SWMW4X004
SWMW4X200MFRCHN01,SWMW4X004
SWMW4X200MFRESP01,SWMW4X004
SWMW4X200MFRFRA01,SWMW4X004
SWMW4X200MFRGBR01,SWMW4X004
SWMW4X200MFRGER01,SWMW4X004
SWMW4X200MFRHUN01,SWMW4X004
SWMW4X200MFRISR01,SWMW4X004
SWMW4X200MFRITA01,SWMW4X004
SWMW4X200MFRJPN01,SWMW4X004
SWMW4X200MFRNED01,SWMW4X004
SWMW4X200MFRNZL01,SWMW4X004
SWMW4X200MFRTUR01,SWMW4X004
SWMW4X200MFRUSA01,SWMW4X004
SWMX4X100MMDAUS01,SWMM4X007
SWMX4X100MMDBRA01,SWMM4X007
SWMX4X100MMDCAN01,SWMM4X007
SWMX4X100MMDCHN01,SWMM4X007
SWMX4X100MMDFRA01,SWMM4X007
SWMX4X100MMDGBR01,SWMM4X007
SWMX4X100MMDGER01,SWMM4X007
SWMX4X100MMDGRE01,SWMM4X007
SWMX4X100MMDISR01,SWMM4X007
SWMX4X100MMDITA01,SWMM4X007
SWMX4X100MMDJPN01,SWMM4X007
SWMX4X100MMDKOR01,SWMM4X007
SWMX4X100MMDNED01,SWMM4X007
SWMX4X100MMDPOL01,SWMM4X007
SWMX4X100MMDSWE01,SWMM4X007
SWMX4X100MMDUSA01,SWMM4X007
T002027129113,ROWMDS001
T005088118027,ROWWQS001
T021189149154,CSPMKD001
T029092105234,ROWWP001
T031187113126,ROWMF001
T040141230067,ROWLMD001
T049177232236,ROWMP001
T051068010116,CSPWKD001
T052132148157,ROWWE001
T063034253052,ROWWDS001
T086254156090,CSPMKF001
T091147023065,ROWMQS001
T101139061230,ROWME001
T103220134006,CSPWKF001
T105004201136,CSPMKD001
T135067238066,ROWWQS001
T136207100235,CSPMKF001
T159071241179,ROWWP001
T160155181193,ROWLWD001
T162219254220,ROWMF001
T164131189204,CSPWCD001
T170120112068,ROWWDS001
T170150126026,ROWLMD001
T175179048136,ROWME001
T176093139168,ROWWF001
T177095146045,CSPWKD001
T179170112181,ROWMP001
T181050155106,CSPMCD001
T182159012196,ROWWE001
T191201107174,ROWLWD001
T215142183070,CSPMCD001
T217136143024,ROWMQS001
T218141014095,CSPWCD001
T235250241164,ROWMDS001
T239136002118,CSPWKF001
T246191162159,ROWWF001
TENMDOUBLES-AIN01,TENMD004
TENMDOUBLES-ARG01,TENMD004
TENMDOUBLES-ARG02,TENMD004
TENMDOUBLES-AUS01,TENMD004
TENMDOUBLES-AUS02,TENMD004
TENMDOUBLES-BEL01,TENMD004
TENMDOUBLES-BRA01,TENMD004
TENMDOUBLES-CAN01,TENMD004
TENMDOUBLES-CHI01,TENMD004
TENMDOUBLES-CRO01,TENMD004
TENMDOUBLES-CZE01,TENMD004
TENMDOUBLES-ESP01,TENMD004
TENMDOUBLES-ESP02,TENMD004
TENMDOUBLES-FRA01,TENMD004
TENMDOUBLES-FRA02,TENMD004
TENMDOUBLES-GBR01,TENMD004
TENMDOUBLES-GBR02,TENMD004
TENMDOUBLES-GER01,TENMD004
TENMDOUBLES-GER02,TENMD004
TENMDOUBLES-GRE01,TENMD004
TENMDOUBLES-HUN01,TENMD004
TENMDOUBLES-IND01,TENMD004
TENMDOUBLES-ITA01,TENMD004
TENMDOUBLES-ITA02,TENMD004
TENMDOUBLES-JPN01,TENMD004
TENMDOUBLES-KAZ01,TENMD004
TENMDOUBLES-LBN01,TENMD004
TENMDOUBLES-NED01,TENMD004
TENMDOUBLES-NED02,TENMD004
TENMDOUBLES-POL01,TENMD004
TENMDOUBLES-POR01,TENMD004
TENMDOUBLES-USA01,TENMD004
TENMDOUBLES-USA02,TENMD004
TENWDOUBLES-AIN01,TENWD001
TENWDOUBLES-AIN02,TENWD001
TENWDOUBLES-ARG01,TENWD001
TENWDOUBLES-AUS01,TENWD001
TENWDOUBLES-AUS02,TENWD001
TENWDOUBLES-BRA01,TENWD001
TENWDOUBLES-CAN01,TENWD001
TENWDOUBLES-CHN01,TENWD001
TENWDOUBLES-CHN02,TENWD001
TENWDOUBLES-CZE01,TENWD001
TENWDOUBLES-CZE02,TENWD001
TENWDOUBLES-ESP01,TENWD001
TENWDOUBLES-FRA01,TENWD001
TENWDOUBLES-FRA02,TENWD001
TENWDOUBLES-GBR01,TENWD001
TENWDOUBLES-GER01,TENWD001
TENWDOUBLES-GER02,TENWD001
TENWDOUBLES-GRE01,TENWD001
TENWDOUBLES-ITA01,TENWD001
TENWDOUBLES-ITA02,TENWD001
TENWDOUBLES-JPN01,TENWD001
TENWDOUBLES-NED01,TENWD001
TENWDOUBLES-NZL01,TENWD001
TENWDOUBLES-POL01,TENWD001
TENWDOUBLES-ROU01,TENWD001
TENWDOUBLES-ROU02,TENWD001
TENWDOUBLES-TPE01,TENWD001
TENWDOUBLES-TPE02,TENWD001
TENWDOUBLES-UKR01,TENWD001
TENWDOUBLES-UKR02,TENWD001
TENWDOUBLES-USA01,TENWD001
TENWDOUBLES-USA02,TENWD001
TENXDOUBLES-AIN01,TENMD001
TENXDOUBLES-ARG01,TENMD001
TENXDOUBLES-AUS01,TENMD001
TENXDOUBLES-BRA01,TENMD001
TENXDOUBLES-CAN01,TENMD001
TENXDOUBLES-CHN01,TENMD001
TENXDOUBLES-CRO01,TENMD001
TENXDOUBLES-CZE01,TENMD001
TENXDOUBLES-DEN01,TENMD001
TENXDOUBLES-ESP01,TENMD001
TENXDOUBLES-FRA01,TENMD001
TENXDOUBLES-GBR01,TENMD001
TENXDOUBLES-GER01,TENMD001
TENXDOUBLES-GRE01,TENMD001
TENXDOUBLES-ITA01,TENMD001
TENXDOUBLES-JPN01,TENMD001
TENXDOUBLES-NED01,TENMD001
TENXDOUBLES-USA01,TENMD001
TRIXTEAM4---AUS01,TRIMR001
TRIXTEAM4---AUT01,TRIMR001
TRIXTEAM4---BEL01,TRIMR001
TRIXTEAM4---BRA01,TRIMR001
TRIXTEAM4---ESP01,TRIMR001
TRIXTEAM4---FRA01,TRIMR001
TRIXTEAM4---GBR01,TRIMR001
TRIXTEAM4---GER01,TRIMR001
TRIXTEAM4---ITA01,TRIMR001
TRIXTEAM4---MEX01,TRIMR001
TRIXTEAM4---NED01,TRIMR001
TRIXTEAM4---NOR01,TRIMR001
TRIXTEAM4---NZL01,TRIMR001
TRIXTEAM4---POR01,TRIMR001
TRIXTEAM4---USA01,TRIMR001
TTEMTEAM----AUS01,TTEMT001
TTEMTEAM----BRA01,TTEMT001
TTEMTEAM----CAN01,TTEMT001
TTEMTEAM----CHN01,TTEMT001
TTEMTEAM----CRO01,TTEMT001
TTEMTEAM----DEN01,TTEMT001
TTEMTEAM----EGY01,TTEMT001
TTEMTEAM----FRA01,TTEMT001
TTEMTEAM----GER01,TTEMT001
TTEMTEAM----IND01,TTEMT001
TTEMTEAM----JPN01,TTEMT001
TTEMTEAM----KOR01,TTEMT001
TTEMTEAM----POR01,TTEMT001
TTEMTEAM----SWE01,TTEMT001
TTEMTEAM----TPE01,TTEMT001
TTEWTEAM----AUS01,TTEWT001
TTEWTEAM----BRA01,TTEWT001
TTEWTEAM----CHN01,TTEWT001
TTEWTEAM----EGY01,TTEWT001
TTEWTEAM----FRA01,TTEWT001
TTEWTEAM----GER01,TTEWT001
TTEWTEAM----HKG01,TTEWT001
TTEWTEAM----IND01,TTEWT001
TTEWTEAM----JPN01,TTEWT001
TTEWTEAM----KOR01,TTEWT001
TTEWTEAM----POL01,TTEWT001
TTEWTEAM----ROU01,TTEWT001
TTEWTEAM----SWE01,TTEWT001
TTEWTEAM----THA01,TTEWT001
TTEWTEAM----TPE01,TTEWT001
TTEWTEAM----USA01,TTEWT001
TTEXDOUBLES-AUS01,TTEMD001
TTEXDOUBLES-BRA01,TTEMD001
TTEXDOUBLES-CHN01,TTEMD001
TTEXDOUBLES-CUB01,TTEMD001
TTEXDOUBLES-EGY01,TTEMD001
TTEXDOUBLES-ESP01,TTEMD001
TTEXDOUBLES-FRA01,TTEMD001
TTEXDOUBLES-GER01,TTEMD001
TTEXDOUBLES-HKG01,TTEMD001
TTEXDOUBLES-HUN01,TTEMD001
TTEXDOUBLES-JPN01,TTEMD001
TTEXDOUBLES-KOR01,TTEMD001
TTEXDOUBLES-ROU01,TTEMD001
TTEXDOUBLES-SWE01,TTEMD001
TTEXDOUBLES-TPE01,TTEMD001
VBVMTEAM2---AUS01,VBVM001
VBVMTEAM2---AUS02,VBVM001
VBVMTEAM2---AUT01,VBVM001
VBVMTEAM2---BRA01,VBVM001
VBVMTEAM2---BRA02,VBVM001
VBVMTEAM2---CAN01,VBVM001
VBVMTEAM2---CHI01,VBVM001
VBVMTEAM2---CUB01,VBVM001
VBVMTEAM2---CZE01,VBVM001
VBVMTEAM2---ESP01,VBVM001
VBVMTEAM2---FRA01,VBVM001
VBVMTEAM2---FRA02,VBVM001
VBVMTEAM2---GER01,VBVM001
VBVMTEAM2---ITA01,VBVM001
VBVMTEAM2---ITA02,VBVM001
VBVMTEAM2---MAR01,VBVM001
VBVMTEAM2---NED01,VBVM001
VBVMTEAM2---NED02,VBVM001
VBVMTEAM2---NOR01,VBVM001
VBVMTEAM2---POL01,VBVM001
VBVMTEAM2---QAT01,VBVM001
VBVMTEAM2---SWE01,VBVM001
VBVMTEAM2---USA01,VBVM001
VBVMTEAM2---USA02,VBVM001
VBVWTEAM2---AUS01,VBVW001
VBVWTEAM2---BRA01,VBVW001
VBVWTEAM2---BRA02,VBVW001
VBVWTEAM2---CAN01,VBVW001
VBVWTEAM2---CAN02,VBVW001
VBVWTEAM2---CHN01,VBVW001
VBVWTEAM2---CZE01,VBVW001
VBVWTEAM2---EGY01,VBVW001
VBVWTEAM2---ESP01,VBVW001
VBVWTEAM2---ESP02,VBVW001
VBVWTEAM2---FRA01,VBVW001
VBVWTEAM2---FRA02,VBVW001
VBVWTEAM2---GER01,VBVW001
VBVWTEAM2---GER02,VBVW001
VBVWTEAM2---ITA01,VBVW001
VBVWTEAM2---JPN01,VBVW001
VBVWTEAM2---LAT01,VBVW001
VBVWTEAM2---LTU01,VBVW001
VBVWTEAM2---NED01,VBVW001
VBVWTEAM2---PAR01,VBVW001
VBVWTEAM2---USA01,VBVW001
VBVWTEAM2---USA02,VBVW001
VVOMTEAM6---ARG01,VVOM001
VVOMTEAM6---BRA01,VVOM001
VVOMTEAM6---CAN01,VVOM001
VVOMTEAM6---EGY01,VVOM001
VVOMTEAM6---FRA01,VVOM001
VVOMTEAM6---GER01,VVOM001
VVOMTEAM6---ITA01,VVOM001
VVOMTEAM6---JPN01,VVOM001
VVOMTEAM6---POL01,VVOM001
VVOMTEAM6---SRB01,VVOM001
VVOMTEAM6---USA01,VVOM001
VVOWTEAM6---BRA01,VVOW001
VVOWTEAM6---CHN01,VVOW001
VVOWTEAM6---DOM01,VVOW001
VVOWTEAM6---FRA01,VVOW001
VVOWTEAM6---ITA01,VVOW001
VVOWTEAM6---JPN01,VVOW001
VVOWTEAM6---KEN01,VVOW001
VVOWTEAM6---NED01,VVOW001
VVOWTEAM6---POL01,VVOW001
VVOWTEAM6---SRB01,VVOW001
VVOWTEAM6---TUR01,VVOW001
VVOWTEAM6---USA01,VVOW001
WPOMTEAM7---AUS01,WPOM001
WPOMTEAM7---CRO01,WPOM001
WPOMTEAM7---ESP01,WPOM001
WPOMTEAM7---FRA01,WPOM001
WPOMTEAM7---GRE01,WPOM001
WPOMTEAM7---HUN01,WPOM001
WPOMTEAM7---ITA01,WPOM001
WPOMTEAM7---JPN01,WPOM001
WPOMTEAM7---MNE01,WPOM001
WPOMTEAM7---ROU01,WPOM001
WPOMTEAM7---SRB01,WPOM001
WPOMTEAM7---USA01,WPOM001
WPOWTEAM7---AUS01,WPOW001
WPOWTEAM7---CAN01,WPOW001
WPOWTEAM7---CHN01,WPOW001
WPOWTEAM7---ESP01,WPOW001
WPOWTEAM7---FRA01,WPOW001
WPOWTEAM7---GRE01,WPOW001
WPOWTEAM7---HUN01,WPOW001
WPOWTEAM7---ITA01,WPOW001
WPOWTEAM7---NED01,WPOW001
WPOWTEAM7---USA01,WPOW001
